ATC;Name;Type;PharmGKB Accession Id;Clinical Annotation Count;Variant Annotation Count;Pathway Count;Top Clinical Annotation Level;Top CPIC Pairs Level;FDA_Association_info
L01;ANTINEOPLASTIC AGENTS;Drug Class;PA452621;1685;8428;0;3;;
N06A;ANTIDEPRESSANTS;Drug Class;PA452229;467;2011;0;3;A/B;
N05A;ANTIPSYCHOTICS;Drug Class;PA452233;361;1728;1;3;C;
J05A;DIRECT ACTING ANTIVIRALS;Drug Class;PA166179660;245;1615;0;3;;
N02;ANALGESICS;Drug Class;PA164712362;380;1495;0;3;;
N02A;OPIOIDS;Drug Class;PA452618;288;1391;0;3;;
N03, N03A;ANTIEPILEPTICS;Drug Class;PA143485705;197;1388;0;2A;;
B01AA03;WARFARIN;Drug;PA451906;90;1220;2;1A;A;Pharmacogenetic Associations for which the Data Support Therapeutic Management Recommendations
N06AB;SELECTIVE SEROTONIN REUPTAKE INHIBITORS;Drug Class;PA164713257;222;1175;0;3;C;
D11AH01, L04AD02;TACROLIMUS;Drug;PA451578;82;1108;2;1A;A;Pharmacogenetic Associations for which the Data Support Therapeutic Management Recommendations
L01BA01, L04AX03;METHOTREXATE;Drug;PA450428;175;1029;5;2A;C;
L01BC02, L01BC52;FLUOROURACIL;Drug;PA128406956;197;1024;2;1A;A;Pharmacogenetic Associations for which the Data Support Therapeutic Management Recommendations
B01AC04;CLOPIDOGREL;Prodrug;PA449053;51;919;2;1A;A;Pharmacogenetic Associations for which the Data Support Therapeutic Management Recommendations
J04A;DRUGS FOR TREATMENT OF TUBERCULOSIS;Drug Class;PA164712708;78;800;0;1B;;
L03AB;INTERFERONS;Drug Class;PA451999;109;564;0;1B;;
L01BC06;CAPECITABINE;Prodrug;PA448771;70;531;2;1A;A;Pharmacogenetic Associations for which the Data Support Therapeutic Management Recommendations
A10;DRUGS USED IN DIABETES;Drug Class;PA164712711;76;517;0;3;;
L01CD;TAXANES;Drug Class;PA150481189;138;510;0;3;;
L04AB;TUMOR NECROSIS FACTOR ALPHA (TNF-ALPHA) INHIBITORS;Drug Class;PA164713366;122;506;0;3;C;
N07BA;DRUGS USED IN NICOTINE DEPENDENCE;Drug Class;PA164712720;149;484;0;3;;
J05AG03;EFAVIRENZ;Drug;PA449441;33;478;2;1A;A;Pharmacogenetic Associations for which the Data Indicate a Potential Impact on Safety or Response
L01BB;PURINE ANALOGUES;Drug Class;PA452634;72;476;1;3;;
N07BC02;METHADONE;Drug;PA450401;100;468;1;2A;C;
L01XX19;IRINOTECAN;Prodrug;PA450085;54;432;2;1A;A;Pharmacogenetic Associations for which the Data Support Therapeutic Management Recommendations
L01AA01;CYCLOPHOSPHAMIDE;Prodrug;PA449165;124;424;2;3;C;
A07AA, C05AB, D01AA, G01AA, J02AA, J04AB, R02AB, S01AA;ANTIBIOTICS;Drug Class;PA164712406;56;413;0;3;;
C07, C07A, S01ED;BETA BLOCKING AGENTS;Drug Class;PA164712535;98;406;0;3;;
N03AF01;CARBAMAZEPINE;Drug;PA448785;52;403;1;1A;A;Pharmacogenetic Associations for which the Data Indicate a Potential Impact on Safety or Response, Pharmacogenetic Associations for which the Data Support Therapeutic Management Recommendations
L01BB02;MERCAPTOPURINE;Drug, Metabolite;PA450379;41;387;1;1A;A;Pharmacogenetic Associations for which the Data Support Therapeutic Management Recommendations
N05AX08;RISPERIDONE;Drug;PA451257;78;385;1;1A;B;Pharmacogenetic Associations for which the Data Demonstrate a Potential Impact on Pharmacokinetic Properties Only
N01AH;OPIOID ANESTHETICS;Drug Class;PA164712948;73;353;0;3;;
J05AB04;RIBAVIRIN;Drug;PA451241;46;346;1;1A;A;
A01AC, A07EA, C05AA, D07A, H02A, R01AD, S01BA, S02B, S02BA, S03B, S03BA;CORTICOSTEROIDS;Drug Class;PA10832;54;345;0;3;;
A01AD05, B01AC06, N02BA01;ASPIRIN;Drug;PA448497;79;314;1;2B;C;
N03AB02;PHENYTOIN;Drug;PA450947;36;302;2;1A;A;Pharmacogenetic Associations for which the Data Support Therapeutic Management Recommendations
N05AH03;OLANZAPINE;Drug;PA450688;73;300;1;3;C;
L01DB01;DOXORUBICIN;Drug;PA449412;77;294;3;2B;B/C;
L03AB10, L03AB60;PEGINTERFERON ALFA-2B;Drug;PA164784024;41;289;1;1A;A;
C10AA05;ATORVASTATIN;Drug;PA448500;54;286;1;1A;A;Pharmacogenetic Associations for which the Data Demonstrate a Potential Impact on Pharmacokinetic Properties Only
L02BA01;TAMOXIFEN;Drug;PA451581;21;277;1;1A;A;Pharmacogenetic Associations for which the Data Demonstrate a Potential Impact on Pharmacokinetic Properties Only
N07BC06;HEROIN;Drug;PA452619;43;266;0;3;;
N02AA01;MORPHINE;Drug, Metabolite;PA450550;43;262;1;3;C;
N05AH02;CLOZAPINE;Drug;PA449061;44;259;1;3;B/C;Pharmacogenetic Associations for which the Data Support Therapeutic Management Recommendations
N01AH01, N02AB03;FENTANYL;Drug;PA449599;48;251;1;2A;C;
N06AB05;PAROXETINE;Drug;PA450801;48;247;2;1A;A;Pharmacogenetic Associations for which the Data Demonstrate a Potential Impact on Pharmacokinetic Properties Only
L01CD02;DOCETAXEL;Drug;PA449383;81;241;2;3;;
C07AB;BETA BLOCKING AGENTS, SELECTIVE;Drug Class;PA164712547;64;238;1;3;;
R05DA;OPIUM ALKALOIDS AND DERIVATIVES;Drug Class;PA164712950;36;235;0;3;;
J04AC01;ISONIAZID;Drug;PA450112;23;234;2;1B;C;Pharmacogenetic Associations for which the Data Indicate a Potential Impact on Safety or Response
L01CD01;PACLITAXEL;Drug;PA450761;45;232;2;3;;
B01AA07;ACENOCOUMAROL;Drug;PA452632;17;231;1;1A;B;
C03;DIURETICS;Drug Class;PA151249535;94;231;0;3;;
J05AE;PROTEASE INHIBITORS;Drug Class;PA451159;46;229;0;3;;
L01XA03;OXALIPLATIN;Drug;PA131285527;32;218;0;3;C;
N06AB04;CITALOPRAM;Drug;PA449015;63;216;2;1A;A;Pharmacogenetic Associations for which the Data Support Therapeutic Management Recommendations
L03AB11, L03AB61;PEGINTERFERON ALFA-2A;Drug;PA164749390;31;211;1;1A;A;
L04AX01;AZATHIOPRINE;Drug;PA448515;21;210;1;1A;A;Pharmacogenetic Associations for which the Data Support Therapeutic Management Recommendations
C10AA01;SIMVASTATIN;Drug;PA451363;55;209;1;1A;A;Pharmacogenetic Associations for which the Data Indicate a Potential Impact on Safety or Response
J05AG01;NEVIRAPINE;Drug;PA450616;66;208;1;2A;B/C;
M04AA01;ALLOPURINOL;Drug;PA448320;43;208;2;1A;A;Pharmacogenetic Associations for which the Data Indicate a Potential Impact on Safety or Response
L01XE01;IMATINIB;Drug;PA10804;39;204;1;3;;
H02AB, R03BA;GLUCOCORTICOIDS;Drug Class;PA452347;48;202;0;3;;
N06AB10;ESCITALOPRAM;Drug;PA10074;27;202;1;1A;A;Pharmacogenetic Associations for which the Data Demonstrate a Potential Impact on Pharmacokinetic Properties Only
A10BB;SULFONAMIDES, UREA DERIVATIVES;Drug Class;PA10390;21;196;1;3;;
J05AF;NUCLEOSIDE AND NUCLEOTIDE REVERSE TRANSCRIPTASE INHIBITORS;Drug Class;PA164712943;32;195;0;3;;
N06BA04;METHYLPHENIDATE;Drug;PA450464;50;194;1;3;C;
N06AB03;FLUOXETINE;Drug;PA449673;27;192;2;3;C;
J01G;AMINOGLYCOSIDE ANTIBACTERIALS;Drug Class;PA452167;27;190;0;1A;A/B;
A02BC01;OMEPRAZOLE;Drug;PA450704;5;182;1;1A;A;Pharmacogenetic Associations for which the Data Demonstrate a Potential Impact on Pharmacokinetic Properties Only
J04AB02;RIFAMPIN;Drug;PA451250;24;182;1;3;;
L01EB01;GEFITINIB;Drug;PA131301952;22;180;2;1A;B/C;Pharmacogenetic Associations for which the Data Support Therapeutic Management Recommendations
L01CA02;VINCRISTINE;Drug;PA451879;23;179;1;3;;
C10AA03;PRAVASTATIN;Drug;PA451089;36;177;2;1A;A;
N03AG01;VALPROIC ACID;Drug;PA451846;24;166;2;3;A/B;
J02AC03;VORICONAZOLE;Drug;PA10233;4;165;1;1A;A;Pharmacogenetic Associations for which the Data Indicate a Potential Impact on Safety or Response
L01FG01;BEVACIZUMAB;Drug;PA130232992;24;162;1;3;;
C10AA07;ROSUVASTATIN;Drug;PA134308647;24;158;1;1A;A;Pharmacogenetic Associations for which the Data Demonstrate a Potential Impact on Pharmacokinetic Properties Only
C03AA;THIAZIDES, PLAIN;Drug Class;PA164713347;58;158;1;3;;
R07AX02;IVACAFTOR;Drug;PA165950341;58;156;1;1A;A;
L04AD01, S01XA18;CYCLOSPORINE;Drug;PA449167;26;155;2;3;C;
N02AX02;TRAMADOL;Drug;PA451735;38;144;1;1A;A;Pharmacogenetic Associations for which the Data Indicate a Potential Impact on Safety or Response, Pharmacogenetic Associations for which the Data Support Therapeutic Management Recommendations
S01BC;ANTIINFLAMMATORY AGENTS, NON-STEROIDS;Drug Class;PA164712462;31;141;0;3;;
C09C, C09CA;ANGIOTENSIN II ANTAGONISTS;Drug Class;PA164712372;35;140;1;3;;
C08;CALCIUM CHANNEL BLOCKERS;Drug Class;PA10407;41;140;0;3;;
J05AR;ANTIVIRALS FOR TREATMENT OF HIV INFECTIONS, COMBINATIONS;Drug Class;PA164712505;26;140;0;3;;
N06AB06;SERTRALINE;Drug;PA451333;22;136;2;1A;A;
N06AX16;VENLAFAXINE;Drug;PA451866;37;135;1;1A;B;Pharmacogenetic Associations for which the Data Support Therapeutic Management Recommendations
L01XA02;CARBOPLATIN;Drug;PA448803;65;134;0;3;C;
L01BC01;CYTARABINE;Drug;PA449177;33;130;0;3;;
J04AK01;PYRAZINAMIDE;Drug;PA451182;9;129;1;3;;
L04AB02;INFLIXIMAB;Drug;PA452639;21;127;0;3;C;
J04AK02;ETHAMBUTOL;Drug;PA164784021;8;127;0;3;;
C02;ANTIHYPERTENSIVES;Drug Class;PA164712445;19;126;0;3;;
N02AA05;OXYCODONE;Drug;PA450741;21;122;1;2A;C;
L01DB02;DAUNORUBICIN;Drug;PA449212;16;122;0;2B;B/C;
L02BG03;ANASTROZOLE;Drug;PA448432;18;121;1;3;;
C07AB03;ATENOLOL;Drug;PA448499;44;118;2;3;C;
L04AB04;ADALIMUMAB;Drug;PA10004;18;117;0;3;C;
N06AX12;BUPROPION;Drug;PA448687;34;112;1;2A;B/C;
N05AN01;LITHIUM;Drug;PA450243;42;106;0;3;;
R05DA09;DEXTROMETHORPHAN;Drug;PA449273;7;105;1;1B;B/C;
N05AX12;ARIPIPRAZOLE;Drug;PA10026;11;104;1;1A;B;Pharmacogenetic Associations for which the Data Support Therapeutic Management Recommendations
N06AX21;DULOXETINE;Drug;PA10066;73;101;1;3;C;
R03AA, R03AB, R03AC, R03CC;SELECTIVE BETA-2-ADRENORECEPTOR AGONISTS;Drug Class;PA134687887;31;100;0;3;;
L04AB01;ETANERCEPT;Drug;PA449515;15;99;0;2B;C;
N05AH04;QUETIAPINE;Drug;PA451201;21;97;1;1A;C;
J05AE08, J05AR15;ATAZANAVIR;Drug;PA10251;17;95;1;1A;A;
N03AE, N05BA, N05CD;BENZODIAZEPINE DERIVATIVES;Drug Class;PA10402;20;93;1;3;;
C07AB02;METOPROLOL;Drug;PA450480;17;92;2;1A;B;Pharmacogenetic Associations for which the Data Demonstrate a Potential Impact on Pharmacokinetic Properties Only
A10BH;DIPEPTIDYL PEPTIDASE 4 (DPP-4) INHIBITORS;Drug Class;PA164712689;4;91;1;3;;
R03A;ADRENERGICS, INHALANTS;Drug Class;PA10405;25;90;0;3;;
A02BC03;LANSOPRAZOLE;Drug;PA450180;4;90;1;1A;A;Pharmacogenetic Associations for which the Data Demonstrate a Potential Impact on Pharmacokinetic Properties Only
N02AA59, N02AA79, R05DA04;CODEINE;Prodrug;PA449088;12;89;1;1A;A;Pharmacogenetic Associations for which the Data Indicate a Potential Impact on Safety or Response, Pharmacogenetic Associations for which the Data Support Therapeutic Management Recommendations
M03AB01;SUCCINYLCHOLINE;Drug;PA451522;59;88;1;1A;A;Pharmacogenetic Associations for which the Data Support Therapeutic Management Recommendations
N06AB08;FLUVOXAMINE;Drug;PA449690;13;87;3;1A;B;Pharmacogenetic Associations for which the Data Demonstrate a Potential Impact on Pharmacokinetic Properties Only
A02BC04;RABEPRAZOLE;Drug;PA451216;3;86;1;2A;C;Pharmacogenetic Associations for which the Data Demonstrate a Potential Impact on Pharmacokinetic Properties Only
L02BG04;LETROZOLE;Drug;PA450196;19;85;2;3;;
C08CA;DIHYDROPYRIDINE DERIVATIVES;Drug Class;PA164712688;20;85;0;3;;
M01AE;PROPIONIC ACID DERIVATIVES;Drug Class;PA451140;19;84;0;3;;
N06AA10;NORTRIPTYLINE;Drug;PA450657;9;84;1;1A;A;Pharmacogenetic Associations for which the Data Demonstrate a Potential Impact on Pharmacokinetic Properties Only
N03AB04;MEPHENYTOIN;Drug;PA450373;10;83;0;3;;
N02BE01;ACETAMINOPHEN;Drug;PA448015;35;81;3;3;;
B01AA04;PHENPROCOUMON;Drug;PA450921;12;81;1;1A;B;
L01XE05;SORAFENIB;Drug;PA7000;40;80;3;3;;
S01LA04;RANIBIZUMAB;Drug;PA164746012;7;79;0;3;;
N01BC01, R02AD03, S01HA01, S02DA02;COCAINE;Drug;PA449072;24;76;1;3;;
N06AA09, N06CA01;AMITRIPTYLINE;Drug;PA448385;15;75;1;1A;A;Pharmacogenetic Associations for which the Data Demonstrate a Potential Impact on Pharmacokinetic Properties Only
J05AE03;RITONAVIR;Drug;PA451260;19;74;0;3;;
N02AE01, N07BC01;BUPRENORPHINE;Drug;PA448685;22;73;1;3;C;
N07BB;DRUGS USED IN ALCOHOL DEPENDENCE;Drug Class;PA164712718;18;70;0;3;;
C10AA04;FLUVASTATIN;Drug;PA449688;20;68;1;1A;A;
A07AA04, J01GA01;STREPTOMYCIN;Drug;PA451512;8;66;1;1A;A;
A07EA03, H02AB07;PREDNISONE;Drug;PA451100;13;66;1;3;;
N05AD01;HALOPERIDOL;Drug;PA449841;10;64;1;1A;B/C;
A10BG;THIAZOLIDINEDIONES;Drug Class;PA452631;13;64;0;3;;
L02BG06;EXEMESTANE;Drug;PA449563;13;63;1;3;;
B01AF01;RIVAROXABAN;Drug;PA165958360;4;62;0;3;;
L01FD01;TRASTUZUMAB;Drug;PA451743;10;62;0;3;;
N01AH03;SUFENTANIL;Drug;PA451527;12;62;0;3;C;
N06DA02;DONEPEZIL;Drug;PA449394;5;61;0;3;B/C;Pharmacogenetic Associations for which the Data Demonstrate a Potential Impact on Pharmacokinetic Properties Only
N01AB01;HALOTHANE;Drug;PA449845;47;61;1;1A;A;
N06AA04;CLOMIPRAMINE;Drug;PA449048;8;60;1;1A;B;Pharmacogenetic Associations for which the Data Demonstrate a Potential Impact on Pharmacokinetic Properties Only
L04AA06;MYCOPHENOLIC ACID;Drug;PA164748728;11;57;1;3;B;
C09CA01;LOSARTAN;Drug;PA450268;11;57;2;3;;
N03AF02;OXCARBAZEPINE;Drug;PA450732;20;57;1;1A;A;Pharmacogenetic Associations for which the Data Indicate a Potential Impact on Safety or Response
C07AG02;CARVEDILOL;Drug;PA448817;8;56;2;3;C;Pharmacogenetic Associations for which the Data Indicate a Potential Impact on Safety or Response
A01AC02, C05AA09, D07AB19, D07XB05, D10AA03, H02AB02, R01AD03, S01BA01, S01CB01, S02BA06, S03BA01;DEXAMETHASONE;Drug;PA449247;14;55;2;3;;
B01AC24;TICAGRELOR;Drug;PA165374673;8;54;1;3;;
J01EE01;SULFAMETHOXAZOLE / TRIMETHOPRIM;Drug;PA10715;9;53;0;2A;B/C;Pharmacogenetic Associations for which the Data Indicate a Potential Impact on Safety or Response
L01XX02;ASPARAGINASE;Drug;PA448492;8;53;0;3;;
D11AX18, M01AB05, M02AA15, S01BC03;DICLOFENAC;Drug;PA449293;7;53;1;3;C;
L01EB02;ERLOTINIB;Drug;PA134687924;5;52;2;2B;;
C10AB05;FENOFIBRATE;Drug;PA449594;17;51;0;3;;
N07BB04;NALTREXONE;Drug;PA450588;10;50;0;3;C;
A10BB01;GLYBURIDE;Drug;PA449782;4;50;0;3;C;
N01AX;OTHER GENERAL ANESTHETICS;Drug Class;PA164713083;8;50;0;3;;
N01AB08;SEVOFLURANE;Drug;PA451341;60;48;1;1A;A;
N06BA03;METHAMPHETAMINE;Drug;PA450403;17;47;0;3;;
B01AC22;PRASUGREL;Drug;PA154410481;10;47;2;3;;
C01EB16, G02CC01, M01AE01, M02AA13;IBUPROFEN;Drug;PA449957;8;46;2;1A;A;Pharmacogenetic Associations for which the Data Demonstrate a Potential Impact on Pharmacokinetic Properties Only
L01BB03;THIOGUANINE;Drug;PA451663;15;45;1;1A;A;Pharmacogenetic Associations for which the Data Support Therapeutic Management Recommendations
L01FF;PD-1/PDL-1 (PROGRAMMED CELL DEATH PROTEIN 1/DEATH LIGAND 1) INHIBITORS;Drug Class;PA166305982;1;45;0;3;;
A07AA09, J01XA01;VANCOMYCIN;Drug;PA451850;2;45;0;3;;
L01EG04;SIROLIMUS;Drug;PA451365;14;44;1;3;C;
C09AA02;ENALAPRIL;Drug;PA449456;10;44;0;3;;
L01XX33, M01AH01;CELECOXIB;Drug;PA448871;6;44;2;1A;A;Pharmacogenetic Associations for which the Data Support Therapeutic Management Recommendations
L01BC03, L01BC53;TEGAFUR;Prodrug;PA452620;10;42;2;1A;C;
V03AC03;DEFERASIROX;Drug;PA164760843;19;42;0;3;;
D06AX07, J01GB03, S01AA11, S02AA14, S03AA06;GENTAMICIN;Drug;PA449753;4;41;1;1A;A;
N01AX10;PROPOFOL;Drug;PA451141;5;41;1;3;;
N06BA09;ATOMOXETINE;Drug;PA134688071;6;40;1;1A;A;Pharmacogenetic Associations for which the Data Support Therapeutic Management Recommendations
C01AA05;DIGOXIN;Drug;PA449319;7;40;0;3;C;
A02BC02;PANTOPRAZOLE;Drug;PA450774;3;40;1;1A;A;Pharmacogenetic Associations for which the Data Support Therapeutic Management Recommendations
N05CM18;DEXMEDETOMIDINE;Drug;PA449256;5;40;1;3;;
R07AX32;ELEXACAFTOR / TEZACAFTOR / IVACAFTOR;Drug;PA166190041;16;40;0;1A;;
L01FE02;PANITUMUMAB;Drug;PA162373091;6;39;1;3;;
C02CC04;DEBRISOQUINE;Drug;PA452616;2;39;0;2A;;
N06DA04;GALANTAMINE;Drug;PA449726;4;38;0;3;C;Pharmacogenetic Associations for which the Data Demonstrate a Potential Impact on Pharmacokinetic Properties Only
C08DA01;VERAPAMIL;Drug;PA451868;13;38;1;3;;
N06DA03;RIVASTIGMINE;Drug;PA451262;5;38;0;3;;
A10BH01;SITAGLIPTIN;Drug;PA164748978;1;37;0;3;;
G03A;HORMONAL CONTRACEPTIVES FOR SYSTEMIC USE;Drug Class;PA452637;8;36;0;2B;C;
N06AA02;IMIPRAMINE;Drug;PA449969;4;36;1;1A;B;Pharmacogenetic Associations for which the Data Demonstrate a Potential Impact on Pharmacokinetic Properties Only
N07BA03;VARENICLINE;Drug;PA164781343;6;36;0;3;;
J01CA04;AMOXICILLIN;Drug;PA448406;2;35;0;3;;
J05AE11;TELAPREVIR;Drug;PA165958354;3;34;0;1A;;
A07EC01;SULFASALAZINE;Drug;PA451547;8;34;1;3;B/C;Pharmacogenetic Associations for which the Data Indicate a Potential Impact on Safety or Response
C02DB02;HYDRALAZINE;Drug;PA449894;3;33;1;3;A/B;Pharmacogenetic Associations for which the Data Demonstrate a Potential Impact on Pharmacokinetic Properties Only
N06AX11;MIRTAZAPINE;Drug;PA450522;10;33;0;2A;B/C;
A02BC05;ESOMEPRAZOLE;Drug;PA10075;3;32;1;3;C;Pharmacogenetic Associations for which the Data Demonstrate a Potential Impact on Pharmacokinetic Properties Only
A10BB12;GLIMEPIRIDE;Drug;PA449761;1;32;0;3;C;
C09CA04;IRBESARTAN;Drug;PA450084;10;32;0;3;;
N01AB06;ISOFLURANE;Drug;PA450106;47;32;1;1A;A;
N03AA02;PHENOBARBITAL;Drug;PA450911;5;31;2;3;;
H03B;ANTITHYROID PREPARATIONS;Drug Class;PA164712499;13;31;0;3;;
C08CA01;AMLODIPINE;Drug;PA448388;9;31;1;3;;
L01EG02;EVEROLIMUS;Drug;PA164746311;8;31;0;3;;
L04AX02;THALIDOMIDE;Drug;PA451644;26;31;0;3;;
L01BC53;TEGAFUR / GIMERACIL / OTERACIL;Prodrug;PA166115442;2;30;0;3;;
N01AH06;REMIFENTANIL;Drug;PA451232;7;30;0;3;C;
P01BA03;PRIMAQUINE;Drug;PA451103;1;30;1;3;A;
N02CC01;SUMATRIPTAN;Drug;PA451566;8;29;1;3;;
A10BX02;REPAGLINIDE;Drug;PA451234;17;29;2;3;;
L01BA04;PEMETREXED;Drug;PA10810;12;28;1;3;;
A10BB03, V04CA01;TOLBUTAMIDE;Drug;PA451718;5;28;0;3;C;
L04AC05;USTEKINUMAB;Drug;PA166048654;7;28;0;3;;
L01EX03;PAZOPANIB;Drug;PA165291492;2;27;1;3;B/C;Pharmacogenetic Associations for which the Data Indicate a Potential Impact on Safety or Response
B01AF02;APIXABAN;Drug;PA166163740;3;27;1;3;;
N06AA01;DESIPRAMINE;Drug, Metabolite;PA449233;5;27;2;1A;B;Pharmacogenetic Associations for which the Data Demonstrate a Potential Impact on Pharmacokinetic Properties Only
V03AF07;RASBURICASE;Drug;PA10176;1;27;2;1A;A;
A10BB07;GLIPIZIDE;Drug;PA449762;1;26;0;3;C;
A10BG03;PIOGLITAZONE;Drug;PA450970;4;26;0;3;;
N05AL05;AMISULPRIDE;Drug;PA162565877;7;26;0;3;C;
L01XX24;PEGASPARGASE;Drug;PA164760860;10;26;0;3;;
N05AB03;PERPHENAZINE;Drug;PA450882;2;25;0;3;B/C;Pharmacogenetic Associations for which the Data Indicate a Potential Impact on Safety or Response
C09AA07;BENAZEPRIL;Drug;PA448561;8;25;0;3;;
C10AA08;PITAVASTATIN;Drug;PA142650384;4;25;1;1A;A;
N05AE04;ZIPRASIDONE;Drug;PA451974;3;24;1;3;C;
N04BA01;LEVODOPA;Drug, Biological Intermediate;PA450213;6;24;1;3;;
C08CA05;NIFEDIPINE;Drug;PA450631;5;24;0;3;;
D10AX05, J04BA02;DAPSONE;Drug;PA449211;8;24;0;2A;A;
B03BB01;FOLIC ACID;Drug;PA449692;6;24;0;3;;
L01DC01;BLEOMYCIN;Drug;PA448645;11;24;0;3;;
L01DB07;MITOXANTRONE;Drug;PA450526;5;24;0;3;;
P01BA02;HYDROXYCHLOROQUINE;Drug;PA164777036;1;24;0;3;C;
A10BG02;ROSIGLITAZONE;Drug;PA451283;7;24;1;3;C;
G03CA03;ESTRADIOL;Drug, Biological Intermediate;PA449503;1;24;1;3;;
A10BB09;GLICLAZIDE;Drug;PA10892;1;24;1;3;C;
N06AA12;DOXEPIN;Drug;PA449409;3;23;1;1A;B;Pharmacogenetic Associations for which the Data Demonstrate a Potential Impact on Pharmacokinetic Properties Only
M03AX01;BOTULINUM TOXIN TYPE A;Drug;PA164754825;2;23;1;3;;
L04AC07;TOCILIZUMAB;Drug;PA165292659;6;23;0;3;;
L04AX04;LENALIDOMIDE;Drug;PA162363968;4;23;0;3;;
J05AF05;LAMIVUDINE;Prodrug;PA450163;1;23;1;3;;
A04AA02;GRANISETRON;Drug;PA449809;6;22;0;3;;
R03DC03;MONTELUKAST;Drug;PA450546;15;22;1;3;;
L01AB01;BUSULFAN;Drug;PA448691;5;22;1;3;;
B01AC05;TICLOPIDINE;Drug;PA451686;2;22;1;3;;
J05AJ03;DOLUTEGRAVIR;Drug;PA166114961;2;22;1;3;B/C;Pharmacogenetic Associations for which the Data Demonstrate a Potential Impact on Pharmacokinetic Properties Only
J05AB14;VALGANCICLOVIR;Drug;PA10227;2;22;0;3;;
J05AP08;SOFOSBUVIR;Drug;PA166122593;6;21;1;3;;
A04AA01;ONDANSETRON;Drug;PA450705;6;21;1;1A;A;
A07EA01, C05AA04, D07AA03, D07XA02, H02AB06, R01AD02, S01BA04, S01CB02, S02BA03, S03BA02;PREDNISOLONE;Drug;PA451096;4;21;1;3;;
L04AA13;LEFLUNOMIDE;Drug;PA450192;4;20;0;3;;
C01BA04;SPARTEINE;Drug;PA452610;1;20;0;3;;
A16AX14;MIGALASTAT;Drug;PA166182881;19;20;0;3;;
J05AF06, J05AR02, J05AR04, J05AR13;ABACAVIR;Drug;PA448004;2;19;1;1A;A;Pharmacogenetic Associations for which the Data Support Therapeutic Management Recommendations
N03AX11;TOPIRAMATE;Drug;PA451728;6;19;0;3;;
L01EK01;AXITINIB;Drug;PA164924493;1;19;1;3;;
N01AB07;DESFLURANE;Drug;PA164749136;47;18;1;1A;A;
R05DA03;HYDROCODONE;Drug;PA449900;7;18;1;1A;B;
J05AF01;ZIDOVUDINE;Prodrug;PA451954;3;18;1;3;;
R07AX;LUMACAFTOR;Drug;PA166114483;2;18;1;3;;
L03AB07;INTERFERON BETA-1A;Drug;PA450037;14;17;0;3;;
C10AA02;LOVASTATIN;Drug;PA450272;12;17;1;1A;A;
N05BA01;DIAZEPAM;Drug;PA449283;1;17;1;3;B/C;Pharmacogenetic Associations for which the Data Demonstrate a Potential Impact on Pharmacokinetic Properties Only
L01XX05;HYDROXYUREA;Drug;PA449942;2;17;0;3;;
A04AA05;PALONOSETRON;Drug;PA10352;1;17;0;3;C;
J01CF05;FLUCLOXACILLIN;Drug;PA164781042;2;17;0;1A;;
N05BA09;CLOBAZAM;Drug;PA10888;4;16;1;2A;B/C;Pharmacogenetic Associations for which the Data Support Therapeutic Management Recommendations
A07AA08, J01GB04, S01AA24;KANAMYCIN;Drug;PA450137;4;16;1;1A;A;
C07AB07;BISOPROLOL;Drug;PA448641;2;16;0;3;C;
J01EC01;SULFAMETHOXAZOLE;Drug;PA451544;2;16;1;3;;
M01AE03, M02AA10;KETOPROFEN;Drug;PA450149;3;16;0;3;;
L04AB05;CERTOLIZUMAB PEGOL;Drug;PA165107055;4;15;0;3;;
C07AA05;PROPRANOLOL;Drug;PA451145;3;15;2;3;C;Pharmacogenetic Associations for which the Data Demonstrate a Potential Impact on Pharmacokinetic Properties Only
C01BC04;FLECAINIDE;Drug;PA449646;4;15;0;1A;B/C;
L01EH01;LAPATINIB;Drug;PA152241907;2;14;1;3;B/C;Pharmacogenetic Associations for which the Data Indicate a Potential Impact on Safety or Response
L02BX03;ABIRATERONE;Drug;PA166123407;2;14;1;3;;
S01EC05;METHAZOLAMIDE;Drug;PA450413;2;14;0;2A;C;
J05AP03;BOCEPREVIR;Drug;PA165948902;1;14;0;1A;;
C03CA02;BUMETANIDE;Drug;PA448682;5;14;0;3;;
L03AX13;GLATIRAMER ACETATE;Drug;PA449760;3;14;0;3;;
N01AB04;ENFLURANE;Drug;PA449461;47;14;1;1A;A;
C05AE03, C08DB01;DILTIAZEM;Drug;PA449334;1;13;0;3;;
N07BB01, P03AA04;DISULFIRAM;Drug;PA449376;5;13;5;3;;
M05BA08;ZOLEDRONATE;Drug;PA10235;4;13;0;3;;
N06AA06;TRIMIPRAMINE;Drug;PA451791;3;13;1;1A;B;Pharmacogenetic Associations for which the Data Demonstrate a Potential Impact on Pharmacokinetic Properties Only
A10BG01;TROGLITAZONE;Drug;PA451799;1;13;0;3;;
L01XE08;NILOTINIB;Drug;PA165958345;4;13;1;3;B/C;Pharmacogenetic Associations for which the Data Indicate a Potential Impact on Safety or Response
C01EB03, M01AB01, M02AA23, S01BC01;INDOMETHACIN;Drug;PA449982;2;13;1;3;C;
N02CD01;ERENUMAB;Drug;PA166320921;2;13;1;3;;
C01BC03;PROPAFENONE;Drug;PA451131;2;12;0;1A;B/C;Pharmacogenetic Associations for which the Data Support Therapeutic Management Recommendations
N02CC04;RIZATRIPTAN;Drug;PA451264;1;12;1;3;;
M01AC01, M02AA07, S01BC06;PIROXICAM;Drug;PA450985;1;12;1;1A;A;Pharmacogenetic Associations for which the Data Support Therapeutic Management Recommendations
L03AB08;INTERFERON BETA-1B;Drug;PA450039;11;12;0;3;;
L01BB05;FLUDARABINE;Drug;PA449655;6;12;0;3;;
L01EG01;TEMSIROLIMUS;Drug;PA164746890;4;12;0;3;;
J05AF04;STAVUDINE;Drug;PA451494;2;12;0;3;;
C01BD01;AMIODARONE;Drug;PA448383;4;12;0;3;;
N06AX17;MILNACIPRAN;Drug;PA164752812;5;12;1;3;C;
M09AX03;ATALUREN;Drug;PA166151864;3;12;0;3;C;
J05AR23;ATAZANAVIR / RITONAVIR;Drug;PA166182624;1;12;0;1A;;
R07AX30;IVACAFTOR / LUMACAFTOR;Drug;PA166152935;4;12;0;1A;;
J07BD;MEASLES VACCINES;Drug Class;PA164712887;1;11;0;3;;
G02CC02, M01AE02, M02AA12;NAPROXEN;Drug;PA450595;3;11;1;3;C;
B01AC23;CILOSTAZOL;Drug;PA164746334;1;11;1;3;;
C09CA06;CANDESARTAN;Drug;PA448765;7;11;1;3;;
J05AP05;SIMEPREVIR;Drug;PA166122590;3;11;0;3;;
J05AH02;OSELTAMIVIR;Drug;PA450721;2;11;1;3;;
B01AA12;FLUINDIONE;Drug;PA165980614;1;11;0;3;;
C01BA01;QUINIDINE;Drug;PA451209;2;11;0;3;C;
C09AA04;PERINDOPRIL;Drug;PA450877;5;11;0;3;;
C09AA06;QUINAPRIL;Drug;PA451205;2;10;0;3;;
C09AA03;LISINOPRIL;Drug;PA450242;8;10;0;3;;
G04BD07;TOLTERODINE;Drug;PA164746757;2;10;1;3;C;Pharmacogenetic Associations for which the Data Indicate a Potential Impact on Safety or Response
L01CA04;VINORELBINE;Drug;PA451881;4;10;0;3;;
G03CA57;CONJUGATED ESTROGENS;Drug, Biological Intermediate;PA164754789;4;10;0;3;;
A10BX07;LIRAGLUTIDE;Drug;PA165958364;2;10;0;3;;
N05AF05;ZUCLOPENTHIXOL;Drug;PA452629;1;10;0;1A;B/C;
G02CA01;RITODRINE;Drug;PA451258;1;10;1;3;;
J05AP07;DACLATASVIR;Drug;PA166128167;1;10;0;3;;
L01FX02;GEMTUZUMAB OZOGAMICIN;Drug;PA164749431;6;10;1;3;;
N03AX12;GABAPENTIN;Drug;PA449720;3;10;0;3;;
C03CA04;TORASEMIDE;Drug;PA451733;5;10;0;3;;
C07AA07;SOTALOL;Drug;PA451457;1;10;0;3;C;
A10BH02;VILDAGLIPTIN;Drug;PA165958346;1;10;0;3;;
N06BA01;AMPHETAMINE;Drug;PA448408;4;9;0;3;B/C;Pharmacogenetic Associations for which the Data Support Therapeutic Management Recommendations
C08CA06;NIMODIPINE;Drug;PA450633;3;9;0;3;;
L01AX04;DACARBAZINE;Drug;PA449197;1;9;0;3;;
L01FX17;SACITUZUMAB GOVITECAN;Drug;PA166225061;1;9;0;1A;;Pharmacogenetic Associations for which the Data Support Therapeutic Management Recommendations
D10AF02, J01FA01, S01AA17;ERYTHROMYCIN;Drug;PA449493;2;9;1;3;B;
L03AB04;INTERFERON ALFA-2A, RECOMBINANT;Drug;PA164779048;3;9;0;3;;
L01BB04;CLADRIBINE;Drug;PA449027;9;9;0;3;;
N05AX14;ILOPERIDONE;Drug;PA161199368;5;9;0;3;B/C;Pharmacogenetic Associations for which the Data Support Therapeutic Management Recommendations
N05AX13;PALIPERIDONE;Drug, Metabolite;PA163518919;4;9;1;3;C;
J05AE04;NELFINAVIR;Drug;PA450606;2;9;0;3;;
M01AE09, M02AA19, R02AX01, S01BC04;FLURBIPROFEN;Drug;PA449683;2;8;1;1A;A;Pharmacogenetic Associations for which the Data Support Therapeutic Management Recommendations
R01BA;SYMPATHOMIMETICS;Drug Class;PA164713301;2;8;0;3;;
N04BD02;RASAGILINE;Drug;PA164764584;2;8;0;3;;
L01AX03;TEMOZOLOMIDE;Drug;PA451609;2;8;0;3;;
L01EX05;REGORAFENIB;Drug;PA166114943;1;8;2;3;;
G03BA03;TESTOSTERONE;Drug, Biological Intermediate;PA451627;1;8;1;3;;
J01DD04;CEFTRIAXONE;Drug;PA448866;2;8;0;3;;
N01AH02;ALFENTANIL;Drug;PA448084;4;8;0;3;C;
M01AB15, S01BC05;KETOROLAC;Drug;PA450150;3;8;0;3;;
C10AA06;CERIVASTATIN;Drug;PA448897;2;8;0;3;B;
L01XE06;DASATINIB;Drug;PA162372878;5;8;1;3;;
C09AA05;RAMIPRIL;Prodrug;PA451223;2;8;1;3;;
N02CD03;FREMANEZUMAB;Drug;PA166320903;2;8;1;3;;
N02BB;PYRAZOLONES;Drug Class;PA164713217;6;8;0;3;;
C04AE, G02AB, N02CA;ERGOT ALKALOIDS;Drug Class;PA164712741;8;8;0;3;;
N02BG10;CANNABINOIDS;Drug Class;PA131890620;4;8;0;3;;
N02CD02;GALCANEZUMAB;Drug;PA166320904;2;8;1;3;;
N02AF01;BUTORPHANOL;Drug;PA164745398;3;8;0;3;;
R06AX27;DESLORATADINE;Drug;PA164776964;2;7;0;3;;
N06BA07;MODAFINIL;Drug;PA450530;4;7;0;3;C;
P01BD01;PYRIMETHAMINE;Drug;PA451193;2;7;0;3;;
V03AB15;NALOXONE;Drug;PA450586;4;7;0;3;C;
N03AX15;ZONISAMIDE;Drug;PA451978;3;7;0;3;;
V03AF09;GLUCARPIDASE;Drug;PA165949771;7;7;0;3;;
J01MA02, S01AE03, S02AA15, S03AA07;CIPROFLOXACIN;Drug;PA449009;1;7;1;3;C;
G04BD11;FESOTERODINE;Prodrug;PA165958376;1;7;0;3;C;Pharmacogenetic Associations for which the Data Demonstrate a Potential Impact on Pharmacokinetic Properties Only
C03BA04;CHLORTHALIDONE;Drug;PA448970;7;7;0;3;;
C02AC01, N02CX02, S01EA04;CLONIDINE;Drug;PA449051;2;7;1;3;;
J01GB01, S01AA12;TOBRAMYCIN;Drug;PA451704;2;7;1;1A;A;
D06AX02, D10AF03, G01AA05, J01BA01, S01AA01, S02AA01, S03AA08;CHLORAMPHENICOL;Drug;PA448927;1;7;0;3;C;
L01BA03;RALTITREXED;Drug;PA131625240;1;7;1;3;;
J07BB;INFLUENZA VACCINES;Drug Class;PA164712830;1;7;0;3;;
N01AX03;KETAMINE;Drug;PA450144;1;7;1;3;;
L01CA01;VINBLASTINE;Drug;PA451877;1;6;0;3;;
J05AE02;INDINAVIR;Drug;PA449977;3;6;0;3;;
N05AB04;PROCHLORPERAZINE;Drug;PA451114;2;6;0;3;;
N03AX16;PREGABALIN;Drug;PA164754814;2;6;0;3;;
J05AX18;LETERMOVIR;Drug;PA166184379;3;6;0;3;;
N03AX14;LEVETIRACETAM;Drug;PA450206;2;6;0;3;;
J05AX09;MARAVIROC;Drug;PA164768835;1;6;0;3;;
N02AB02;MEPERIDINE;Drug;PA450369;3;6;1;3;;
D06AX12, J01GB06, S01AA21;AMIKACIN;Drug;PA164744372;1;6;1;1A;A;
A04AA03;TROPISETRON;Drug;PA161925594;2;6;1;1A;A;
A04AA04;DOLASETRON;Drug;PA449390;2;6;0;3;C;
R05CB01, S01XA08, V03AB23;ACETYLCYSTEINE;Drug;PA448033;1;6;1;3;;
C07AA06, S01ED01;TIMOLOL;Drug;PA451690;3;6;0;3;B/C;
C01BB02;MEXILETINE;Drug;PA450488;5;6;0;3;;
C01CA06, R01AA04, R01AB01, R01BA03, S01FB01, S01GA05;PHENYLEPHRINE;Drug;PA450935;1;6;1;3;;
N07BB03;ACAMPROSATE;Drug;PA10344;2;6;0;3;;
P01BA06;AMODIAQUINE;Drug;PA448404;3;6;1;3;;
M01AC05;LORNOXICAM;Drug;PA165958395;1;6;1;1A;A;
C01CA07;DOBUTAMINE;Drug;PA449381;2;6;1;3;;
C09AA16;IMIDAPRIL;Drug;PA452640;3;5;0;3;;
B02BA;VITAMIN K AND ANALOGUES;Drug Class;PA164713404;1;5;0;3;C;
N05BA06;LORAZEPAM;Drug;PA450267;1;5;1;3;;
H03BB02;METHIMAZOLE;Drug;PA450422;1;5;0;3;C;
C01CA26, R01AA03, R01AB05, R03CA02, S01FB02;EPHEDRINE;Drug;PA449466;1;5;0;3;;
N06AA05;OPIPRAMOL;Drug;PA144614922;1;5;0;3;;
H03BA02;PROPYLTHIOURACIL;Drug;PA451156;1;5;0;3;C;
N06AA21;MAPROTILINE;Drug;PA450322;1;5;0;3;;
G04BX14;DAPOXETINE;Drug;PA166151992;1;5;0;3;;
G03GA04;UROFOLLITROPIN;Drug;PA451835;4;5;0;3;;
C08CA08;NITRENDIPINE;Drug;PA146096020;2;5;0;3;;
C09AA10;TRANDOLAPRIL;Drug;PA451737;1;5;0;3;;
N05BA12;ALPRAZOLAM;Drug;PA448333;3;5;1;3;;
N05AE05;LURASIDONE;Drug;PA166129557;1;5;0;3;;
G03GA06;FOLLITROPIN BETA;Drug;PA449693;4;5;0;3;;
A01AB08, A07AA01, B05CA09, D06AX04, J01GB05, R02AB01, S01AA03, S02AA07, S03AA01;NEOMYCIN;Drug;PA450608;1;5;0;1A;A;
N02BB02;DIPYRONE;Drug;PA166128206;3;5;1;3;C;
M04AA03;FEBUXOSTAT;Drug;PA165958521;3;5;2;3;;
N05AA01;CHLORPROMAZINE;Drug;PA448964;1;5;0;3;;
M01AC06;MELOXICAM;Drug;PA450353;1;5;1;1A;A;Pharmacogenetic Associations for which the Data Support Therapeutic Management Recommendations
L01XX32;BORTEZOMIB;Drug;PA10252;1;5;1;3;;
A02BC06;DEXLANSOPRAZOLE;Drug;PA166110257;1;4;1;1A;B;Pharmacogenetic Associations for which the Data Demonstrate a Potential Impact on Pharmacokinetic Properties Only
S01AD02;TRIFLURIDINE;Drug;PA451775;2;4;0;3;;
R06AX26;FEXOFENADINE;Drug;PA449621;2;4;0;3;;
C09CA07;TELMISARTAN;Drug;PA451605;3;4;0;3;;
L04AA25;ECULIZUMAB;Drug;PA164776637;2;4;0;3;;
J01XE01;NITROFURANTOIN;Drug;PA450640;1;4;0;3;A;
L01AA03;MELPHALAN;Drug;PA450354;2;4;0;3;;
J05AF02;DIDANOSINE;Drug;PA449301;4;4;0;3;;
N07BC51;BUPRENORPHINE / NALOXONE;Drug;PA166182641;2;3;0;3;;
N04BX02;ENTACAPONE;Drug;PA164748726;1;3;0;3;;
J07BC;HEPATITIS VACCINES;Drug Class;PA164712789;2;3;0;3;;
R03BB, S01FA;ANTICHOLINERGICS;Drug Class;PA164712420;2;3;0;3;;
C03DB01;AMILORIDE;Drug;PA448368;1;3;1;3;;
N06AX26;VORTIOXETINE;Drug;PA166122595;1;3;1;1A;A;Pharmacogenetic Associations for which the Data Support Therapeutic Management Recommendations
D07AA01, D10AA02, H02AB04;METHYLPREDNISOLONE;Drug;PA450466;1;3;0;3;;
G03DA04;PROGESTERONE;Drug;PA451123;1;3;0;3;;
N06AX06;NEFAZODONE;Drug;PA450603;4;3;0;3;;
N06AX03;MIANSERIN;Drug;PA134687937;1;3;0;3;;
C01DA58;HYDRALAZINE / ISOSORBIDE DINITRATE;Drug;PA166176017;1;3;0;3;;
L01AA02;CHLORAMBUCIL;Drug;PA448926;1;3;0;3;;
G04BX06;PHENAZOPYRIDINE;Drug;PA164746899;1;3;0;3;C;
A11EA;VITAMIN B-COMPLEX, PLAIN;Drug Class;PA10505;2;3;0;3;;
L01XX23;MITOTANE;Drug;PA164746157;1;3;1;3;;
M01AC02;TENOXICAM;Drug;PA131890625;1;3;0;1A;A;
H01AC01;SOMATROPIN RECOMBINANT;Drug;PA451446;3;3;0;3;;
V03AF02;DEXRAZOXANE;Drug;PA449259;1;3;1;3;;
H03BB01;CARBIMAZOLE;Prodrug;PA164742970;1;3;0;3;C;
P01BA07;TAFENOQUINE;Drug;PA166115580;1;3;0;3;A;
L01AC01;THIOTEPA;Drug;PA451668;2;3;0;3;;
R03AC03, R03CC03;TERBUTALINE;Drug;PA451616;1;3;1;3;;
J01CE01, S01AA14;PENICILLIN G;Drug;PA450842;2;3;0;3;;
J01CF01;DICLOXACILLIN;Drug;PA164749649;2;3;0;3;;
H01AB01;THYROTROPIN ALFA;Drug;PA164746560;3;3;0;3;;
N06DX01;MEMANTINE;Drug;PA10364;1;2;0;3;;
C01BA03;DISOPYRAMIDE;Drug;PA449373;1;2;0;3;;
M05BA01;ETIDRONIC ACID;Drug;PA449548;1;2;0;3;;
C01CA02, R03AB02, R03CB01;ISOPROTERENOL;Drug;PA450121;1;2;1;3;;
M03BX04;TOLPERISONE;Drug;PA166152940;1;2;0;3;;
J01XX09;DAPTOMYCIN;Drug;PA164768820;1;2;0;3;;
R07AX31;IVACAFTOR / TEZACAFTOR;Drug;PA166179845;1;2;0;1A;;
A16AB, B01AD, B06AA, C04AF, D03B, M09AB;ENZYMES;Drug Class;PA164712734;2;2;0;3;;
P01BE02;ARTEMETHER;Drug;PA165111698;1;2;1;3;;
J07AJ;PERTUSSIS VACCINES;Drug Class;PA164713160;2;2;0;3;;
A08AA10;SIBUTRAMINE;Drug;PA451344;1;2;0;3;;
A11E;VITAMIN B-COMPLEX, INCL. COMBINATIONS;Drug Class;PA164713398;2;2;0;3;;
M04AX02;PEGLOTICASE;Drug;PA165963961;1;2;1;3;A;
C03AA04;CHLOROTHIAZIDE;Drug;PA448953;2;2;0;3;;
M01AH02;ROFECOXIB;Drug;PA451268;1;2;0;3;;
N06BA02;DEXTROAMPHETAMINE;Drug;PA449269;1;2;0;3;;
S01LA03;PEGAPTANIB;Drug;PA164771236;1;2;0;3;;
N04BC;DOPAMINE AGONISTS;Drug Class;PA164712697;2;2;0;3;;
N04BB01;AMANTADINE;Drug;PA448360;1;2;0;3;;
A01AB17, D06BX01, G01AF01, J01XD01, P01AB01;METRONIDAZOLE;Drug;PA450484;1;2;1;3;;
J01DD01;CEFOTAXIME;Drug;PA448852;1;2;0;3;;
J01CE02;PENICILLIN V;Drug;PA164745442;2;2;0;3;;
N04BD01;SELEGILINE;Drug;PA451316;1;2;0;3;;
J05AE05;AMPRENAVIR;Drug;PA448422;1;2;0;3;;
N02AC04;DEXTROPROPOXYPHENE;Drug;PA166183939;1;2;0;3;;
R03DC01;ZAFIRLUKAST;Drug;PA451949;1;2;1;3;;
D10AF01, G01AA10, J01FF01;CLINDAMYCIN;Drug;PA449035;2;2;0;3;;
C10BX;HMG COA REDUCTASE INHIBITORS, OTHER COMBINATIONS;Drug Class;PA164712781;1;2;0;3;;
D05AD02, D05BA02;METHOXSALEN;Drug;PA450433;1;2;0;3;;
L04AA42;SIPONIMOD;Drug;PA166182736;1;2;1;1A;A;Pharmacogenetic Associations for which the Data Support Therapeutic Management Recommendations
A03FA07;ITOPRIDE;Drug;PA152432599;2;2;0;3;;
M01AB02;SULINDAC;Drug;PA451565;2;2;0;3;;
N06AX22;AGOMELATINE;Drug;PA165958363;1;2;0;3;;
S01EC01;ACETAZOLAMIDE;Drug;PA448018;1;1;0;3;;
B01AB01, C05BA03, S01XA14;HEPARIN;Drug;PA449855;1;1;1;3;;
A16AX20;LONAFARNIB;Drug;PA166129466;1;1;0;3;;
A01AB23, J01AA08;MINOCYCLINE;Drug;PA450519;1;1;0;3;;
V03AB09;DIMERCAPROL;Drug;PA165958406;1;1;0;3;C;
A16AA04, S01XA21;CYSTEAMINE;Drug;PA449171;1;1;0;3;;
N05AB06;TRIFLUOPERAZINE;Drug;PA451771;1;1;0;3;;
S01EB09;ACETYLCHOLINE;Drug;PA448031;1;1;0;3;;
A16AX05;ZINC ACETATE;Drug;PA451961;1;1;0;3;;
S01AA22;MICRONOMICIN;Drug;PA166241801;1;1;0;3;;
C02KD01;KETANSERIN;Drug;PA131053734;1;1;0;3;;
R03BB04;TIOTROPIUM;Drug;PA164769056;1;1;0;3;C;
J01GB11;ISEPAMICIN;Drug;PA166241781;1;1;0;3;;
L01CA03;VINDESINE;Drug;PA10232;1;1;0;3;;
J01DB01;CEPHALEXIN;Drug;PA448883;1;1;0;3;;
N03AX23;BRIVARACETAM;Drug;PA166153491;1;1;0;3;B;Pharmacogenetic Associations for which the Data Support Therapeutic Management Recommendations
L01CE;TOPOISOMERASE I INHIBITORS;Drug Class;PA150481186;1;1;0;3;;
L01XX17;TOPOTECAN;Drug;PA451729;1;1;0;3;;
G04BE09;VARDENAFIL;Drug;PA10229;1;1;0;3;;
L04AA34;ALEMTUZUMAB;Drug;PA164783958;1;1;0;3;;
G03GA01;CHORIONIC GONADOTROPIN;Drug, Biological Intermediate;PA449804;1;1;0;3;;
N06AX02;L-TRYPTOPHAN;Drug, Biological Intermediate;PA10323;1;1;1;3;;
D06BB10;IMIQUIMOD;Drug;PA449972;1;1;0;3;;
C09CA08;OLMESARTAN;Drug;PA164742950;1;1;0;3;;
N03AA01;METHYLPHENOBARBITAL;Drug;PA450374;1;1;0;3;;
N05AC02;THIORIDAZINE;Drug;PA451666;1;1;0;3;B/C;Pharmacogenetic Associations for which the Data Support Therapeutic Management Recommendations
C02DD01;NITROPRUSSIDE;Drug;PA451406;1;1;0;3;;
M04AB;TRANILAST;Drug;PA131890628;1;1;1;3;;
M04AB02;SULFINPYRAZONE;Drug;PA451550;1;1;1;3;;
N02CA04;METHYSERGIDE;Drug;PA164743265;1;1;0;3;;
N02CA01;DIHYDROERGOTAMINE;Drug;PA164743028;1;1;1;3;;
R01AC07, R03BC03, S01GX04;NEDOCROMIL;Drug;PA450601;1;1;0;3;;
R01AD04, R03BA03;FLUNISOLIDE;Drug;PA449661;2;1;0;3;;
B03BA01;CYANOCOBALAMIN;Drug, Biological Intermediate;PA451892;1;1;0;3;;
N02BG09;METHOXYFLURANE;Drug;PA450434;47;1;1;1A;A;
R03D;ZILEUTON;Drug;PA451955;1;1;1;3;;
N04BC05;PRAMIPEXOLE;Drug;PA164742949;1;1;0;3;;
C02L;ANTIHYPERTENSIVES AND DIURETICS IN COMBINATION;Drug Class;PA164712446;2;0;0;3;;
M05BA05;TILUDRONATE;Drug;PA451688;1;0;0;3;;
