Gene_ID;Gene;Entity1_type;Gene_ID.1;Gene.1;Entity2_type;LADME
PA30932;MRAS;GENE;PA24928;ARAF;GENE;
PA30932;MRAS;GENE;PA25408;BRAF;GENE;
PA30932;MRAS;GENE;PA30592;MAP3K1;GENE;
PA30932;MRAS;GENE;PA34183;RAF1;GENE;
PA30932;MRAS;GENE;PA7360;EGFR;GENE;
PA27844;ERBB2;GENE;PA29988;JAK1;GENE;
PA27844;ERBB2;GENE;PA33308;PIK3CA;GENE;
PA27844;ERBB2;GENE;PA33309;PIK3CB;GENE;
PA27844;ERBB2;GENE;PA33310;PIK3CD;GENE;
PA27844;ERBB2;GENE;PA33311;PIK3CG;GENE;
PA27844;ERBB2;GENE;PA33312;PIK3R1;GENE;
PA27844;ERBB2;GENE;PA33313;PIK3R2;GENE;
PA27844;ERBB2;GENE;PA33314;PIK3R3;GENE;
PA27844;ERBB2;GENE;PA33392;PLCG1;GENE;
PA27844;ERBB2;GENE;PA33393;PLCG2;GENE;
PA116;ABCC2;GENE;PA378;NR1I2;GENE;
PA172;GNAI1;GENE;PA134971947;P2RY12;GENE;
PA172;GNAI1;GENE;PA164741137;ADCY3;GENE;
PA172;GNAI1;GENE;PA192;HTR1A;GENE;
PA172;GNAI1;GENE;PA24560;ADCY1;GENE;
PA172;GNAI1;GENE;PA24561;ADCY2;GENE;
PA172;GNAI1;GENE;PA24562;ADCY4;GENE;
PA172;GNAI1;GENE;PA24563;ADCY5;GENE;
PA172;GNAI1;GENE;PA27;ADCY6;GENE;
PA172;GNAI1;GENE;PA28;ADCY7;GENE;
PA172;GNAI1;GENE;PA29;ADCY8;GENE;
PA172;GNAI1;GENE;PA29549;HTR1B;GENE;
PA172;GNAI1;GENE;PA29550;HTR1D;GENE;
PA172;GNAI1;GENE;PA29552;HTR1E;GENE;
PA172;GNAI1;GENE;PA29553;HTR1F;GENE;
PA172;GNAI1;GENE;PA30;ADCY9;GENE;
PA172;GNAI1;GENE;PA34361;RGS1;GENE;
PA172;GNAI1;GENE;PA39;ADRB2;GENE;
PA24563;ADCY5;GENE;PA172;GNAI1;GENE;
PA24563;ADCY5;GENE;PA173;GNAI3;GENE;
PA24563;ADCY5;GENE;PA175;GNAS;GENE;
PA24563;ADCY5;GENE;PA24347;GNAI2;GENE;
PA31781;NRL;GENE;PA283;MAPK8;GENE;
PA31781;NRL;GENE;PA30621;MAPK14;GENE;
PA24421;ACACA;GENE;PA33744;PRKAA1;GENE;
PA24421;ACACA;GENE;PA33745;PRKAA2;GENE;
PA24421;ACACA;GENE;PA33746;PRKAB1;GENE;
PA24421;ACACA;GENE;PA33747;PRKAB2;GENE;
PA24421;ACACA;GENE;PA33751;PRKAG1;GENE;
PA24421;ACACA;GENE;PA33752;PRKAG2;GENE;
PA24421;ACACA;GENE;PA33753;PRKAG3;GENE;
PA28777;GNB1L;GENE;PA33384;PLCB1;GENE;
PA28777;GNB1L;GENE;PA33385;PLCB2;GENE;
PA28777;GNB1L;GENE;PA33386;PLCB3;GENE;
PA28777;GNB1L;GENE;PA33387;PLCB4;GENE;
PA55;APOE;GENE;PA164742099;MTTP;GENE;
PA397;ABCC4;GENE;PA31712;NPM1;GENE;
PA24887;APOA4;GENE;PA273;PLTP;GENE;
PA378;NR1I2;GENE;PA116;ABCC2;GENE;
PA378;NR1I2;GENE;PA123;CYP2B6;GENE;
PA378;NR1I2;GENE;PA125;CYP2C8;GENE;
PA378;NR1I2;GENE;PA130;CYP3A4;GENE;
PA378;NR1I2;GENE;PA244;ABCC1;GENE;
PA378;NR1I2;GENE;PA267;ABCB1;GENE;
PA378;NR1I2;GENE;PA390;ABCG2;GENE;
PA287;PTGER2;GENE;PA175;GNAS;GENE;
PA53;APOC3;GENE;PA164742099;MTTP;GENE;
PA33558;PPARGC1A;GENE;PA37935;SIRT1;GENE;
PA30128;KIT;GENE;PA29391;HOXB4;GENE;
PA30128;KIT;GENE;PA29444;HRAS;GENE;
PA30128;KIT;GENE;PA30196;KRAS;GENE;
PA30128;KIT;GENE;PA31768;NRAS;GENE;
PA30128;KIT;GENE;PA33147;PDGFRA;GENE;
PA29349;HNF4A;GENE;PA24684;AKT1;GENE;
PA33386;PLCB3;GENE;PA134864200;GNB4;GENE;
PA33386;PLCB3;GENE;PA174;GNAQ;GENE;
PA33386;PLCB3;GENE;PA176;GNB3;GENE;
PA33386;PLCB3;GENE;PA26097;CASR;GENE;
PA33386;PLCB3;GENE;PA28776;GNB1;GENE;
PA33386;PLCB3;GENE;PA28777;GNB1L;GENE;
PA33386;PLCB3;GENE;PA28778;GNB2;GENE;
PA33386;PLCB3;GENE;PA28784;GNG2;GENE;
PA33386;PLCB3;GENE;PA28785;GNG3;GENE;
PA33386;PLCB3;GENE;PA28786;GNG4;GENE;
PA33386;PLCB3;GENE;PA28787;GNG5;GENE;
PA33386;PLCB3;GENE;PA28789;GNG7;GENE;
PA33386;PLCB3;GENE;PA33759;PRKCA;GENE;
PA33386;PLCB3;GENE;PA33761;PRKCB;GENE;
PA33386;PLCB3;GENE;PA33766;PRKCG;GENE;
PA33386;PLCB3;GENE;PA33767;PRKCH;GENE;
PA33386;PLCB3;GENE;PA33768;PRKCI;GENE;
PA33386;PLCB3;GENE;PA33771;PRKD1;GENE;
PA33386;PLCB3;GENE;PA33775;PRKCZ;GENE;
PA33386;PLCB3;GENE;PA39;ADRB2;GENE;
PA35041;COL1A1;GENE;PA179;GP1BB;GENE;
PA35041;COL1A1;GENE;PA204;ITGA2;GENE;
PA35041;COL1A1;GENE;PA26212;CD36;GENE;
PA35041;COL1A1;GENE;PA28823;GP5;GENE;
PA35041;COL1A1;GENE;PA28824;GP6;GENE;
PA35041;COL1A1;GENE;PA28825;GP9;GENE;
PA390;ABCG2;GENE;PA378;NR1I2;GENE;
PA24994;ARNT;GENE;PA28442;FXYD2;GENE;
PA33311;PIK3CG;GENE;PA24684;AKT1;GENE;
PA33311;PIK3CG;GENE;PA27844;ERBB2;GENE;
PA33311;PIK3CG;GENE;PA27846;ERBB3;GENE;
PA33311;PIK3CG;GENE;PA27847;ERBB4;GENE;
PA33311;PIK3CG;GENE;PA28180;FLT1;GENE;
PA33311;PIK3CG;GENE;PA28183;FLT4;GENE;
PA33311;PIK3CG;GENE;PA30086;KDR;GENE;
PA33311;PIK3CG;GENE;PA7360;EGFR;GENE;
PA34090;PYY;GENE;PA258;NPY1R;GENE;
PA34090;PYY;GENE;PA31741;NPY2R;GENE;
PA34322;RELB;GENE;PA33678;PPP3CA;GENE;
PA34322;RELB;GENE;PA33679;PPP3CB;GENE;
PA34322;RELB;GENE;PA33680;PPP3CC;GENE;
PA34322;RELB;GENE;PA33681;PPP3R1;GENE;
PA34322;RELB;GENE;PA33682;PPP3R2;GENE;
PA36186;STAT5B;GENE;PA134992438;CAMK1D;GENE;
PA36186;STAT5B;GENE;PA24684;AKT1;GENE;
PA36186;STAT5B;GENE;PA24685;AKT2;GENE;
PA36186;STAT5B;GENE;PA24686;AKT3;GENE;
PA36186;STAT5B;GENE;PA248;NFKB1;GENE;
PA36186;STAT5B;GENE;PA26048;CAMK1;GENE;
PA36186;STAT5B;GENE;PA26049;CAMK1G;GENE;
PA36186;STAT5B;GENE;PA27749;ELK1;GENE;
PA36186;STAT5B;GENE;PA28212;FOS;GENE;
PA36186;STAT5B;GENE;PA283;MAPK8;GENE;
PA36186;STAT5B;GENE;PA296;RELA;GENE;
PA36186;STAT5B;GENE;PA29988;JAK1;GENE;
PA36186;STAT5B;GENE;PA30006;JUN;GENE;
PA36186;STAT5B;GENE;PA30616;MAPK1;GENE;
PA36186;STAT5B;GENE;PA30622;MAPK3;GENE;
PA36186;STAT5B;GENE;PA31353;MYC;GENE;
PA36186;STAT5B;GENE;PA31600;NFKB2;GENE;
PA36186;STAT5B;GENE;PA337;STAT3;GENE;
PA36186;STAT5B;GENE;PA33759;PRKCA;GENE;
PA36186;STAT5B;GENE;PA33761;PRKCB;GENE;
PA36186;STAT5B;GENE;PA33766;PRKCG;GENE;
PA36186;STAT5B;GENE;PA338;STAT5A;GENE;
PA36186;STAT5B;GENE;PA36042;SP1;GENE;
PA36186;STAT5B;GENE;PA36183;STAT1;GENE;
PA36186;STAT5B;GENE;PA36184;STAT2;GENE;
PA36186;STAT5B;GENE;PA36185;STAT4;GENE;
PA36186;STAT5B;GENE;PA90;CAMK2A;GENE;
PA36186;STAT5B;GENE;PA91;CAMK2B;GENE;
PA36186;STAT5B;GENE;PA92;CAMK2D;GENE;
PA36186;STAT5B;GENE;PA93;CAMK2G;GENE;
PA33942;PTEN;GENE;PA33312;PIK3R1;GENE;
PA30603;MAP3K7;GENE;PA30588;MAP2K3;GENE;
PA30603;MAP3K7;GENE;PA30591;MAP2K6;GENE;
PA26946;CSK;GENE;PA30086;KDR;GENE;
PA26946;CSK;GENE;PA34183;RAF1;GENE;
PA31564;NEUROD1;GENE;PA24684;AKT1;GENE;
PA24684;AKT1;GENE;PA134890823;PIK3R5;GENE;
PA24684;AKT1;GENE;PA134963361;MAFA;GENE;
PA24684;AKT1;GENE;PA162391083;HNF1B;GENE;
PA24684;AKT1;GENE;PA162399173;PDX1;GENE;
PA24684;AKT1;GENE;PA248;NFKB1;GENE;
PA24684;AKT1;GENE;PA25236;BAD;GENE;
PA24684;AKT1;GENE;PA254;NOS3;GENE;
PA24684;AKT1;GENE;PA27749;ELK1;GENE;
PA24684;AKT1;GENE;PA28212;FOS;GENE;
PA24684;AKT1;GENE;PA29349;HNF4A;GENE;
PA24684;AKT1;GENE;PA296;RELA;GENE;
PA24684;AKT1;GENE;PA29932;ISL1;GENE;
PA24684;AKT1;GENE;PA30006;JUN;GENE;
PA24684;AKT1;GENE;PA31353;MYC;GENE;
PA24684;AKT1;GENE;PA31564;NEUROD1;GENE;
PA24684;AKT1;GENE;PA31600;NFKB2;GENE;
PA24684;AKT1;GENE;PA33154;PDK1;GENE;
PA24684;AKT1;GENE;PA33304;PIK3C2A;GENE;
PA24684;AKT1;GENE;PA33305;PIK3C2B;GENE;
PA24684;AKT1;GENE;PA33308;PIK3CA;GENE;
PA24684;AKT1;GENE;PA33309;PIK3CB;GENE;
PA24684;AKT1;GENE;PA33310;PIK3CD;GENE;
PA24684;AKT1;GENE;PA33311;PIK3CG;GENE;
PA24684;AKT1;GENE;PA33312;PIK3R1;GENE;
PA24684;AKT1;GENE;PA33313;PIK3R2;GENE;
PA24684;AKT1;GENE;PA33314;PIK3R3;GENE;
PA24684;AKT1;GENE;PA337;STAT3;GENE;
PA24684;AKT1;GENE;PA338;STAT5A;GENE;
PA24684;AKT1;GENE;PA36042;SP1;GENE;
PA24684;AKT1;GENE;PA36183;STAT1;GENE;
PA24684;AKT1;GENE;PA36184;STAT2;GENE;
PA24684;AKT1;GENE;PA36185;STAT4;GENE;
PA24684;AKT1;GENE;PA36186;STAT5B;GENE;
PA24684;AKT1;GENE;PA36380;HNF1A;GENE;
PA33723;PRDX2;GENE;PA37091;TXN;GENE;
PA164742099;MTTP;GENE;PA24888;APOA5;GENE;
PA164742099;MTTP;GENE;PA50;APOB;GENE;
PA164742099;MTTP;GENE;PA51;APOC1;GENE;
PA164742099;MTTP;GENE;PA52;APOC2;GENE;
PA164742099;MTTP;GENE;PA53;APOC3;GENE;
PA164742099;MTTP;GENE;PA55;APOE;GENE;
PA95;CCNB1;GENE;PA110;CHEK1;GENE;
PA95;CCNB1;GENE;PA26087;CASP3;GENE;
PA95;CCNB1;GENE;PA404;CHEK2;GENE;
PA30618;MAPK11;GENE;PA284;MAP2K7;GENE;
PA30618;MAPK11;GENE;PA30584;MAP2K1;GENE;
PA30618;MAPK11;GENE;PA30587;MAP2K2;GENE;
PA30618;MAPK11;GENE;PA30588;MAP2K3;GENE;
PA30618;MAPK11;GENE;PA30589;MAP2K4;GENE;
PA30618;MAPK11;GENE;PA30590;MAP2K5;GENE;
PA30618;MAPK11;GENE;PA30591;MAP2K6;GENE;
PA198;IL6;GENE;PA142672077;CRISPLD2;GENE;
PA27331;CYB5R3;GENE;PA27068;CYB5A;GENE;
PA28;ADCY7;GENE;PA172;GNAI1;GENE;
PA28;ADCY7;GENE;PA173;GNAI3;GENE;
PA28;ADCY7;GENE;PA175;GNAS;GENE;
PA28;ADCY7;GENE;PA24347;GNAI2;GENE;
PA25236;BAD;GENE;PA24684;AKT1;GENE;
PA36679;TP53;GENE;PA30718;MDM2;GENE;
PA33748;PRKACA;GENE;PA26008;CACNA1B;GENE;
PA33748;PRKACA;GENE;PA30616;MAPK1;GENE;
PA33748;PRKACA;GENE;PA33639;PPP1R1B;GENE;
PA33748;PRKACA;GENE;PA59;ARRB1;GENE;
PA33748;PRKACA;GENE;PA60;ARRB2;GENE;
PA33748;PRKACA;GENE;PA83;CACNA1C;GENE;
PA33748;PRKACA;GENE;PA84;CACNA1D;GENE;
PA33748;PRKACA;GENE;PA85;CACNA1S;GENE;
PA40;GRK2;GENE;PA30616;MAPK1;GENE;
PA40;GRK2;GENE;PA320;SLC12A1;GENE;
PA40;GRK2;GENE;PA39;ADRB2;GENE;
PA40;GRK2;GENE;PA62;ATP1A1;GENE;
PA26310;CDK5;GENE;PA33639;PPP1R1B;GENE;
PA30086;KDR;GENE;PA26946;CSK;GENE;
PA30086;KDR;GENE;PA29444;HRAS;GENE;
PA30086;KDR;GENE;PA30196;KRAS;GENE;
PA30086;KDR;GENE;PA31768;NRAS;GENE;
PA30086;KDR;GENE;PA31783;NRP1;GENE;
PA30086;KDR;GENE;PA33304;PIK3C2A;GENE;
PA30086;KDR;GENE;PA33305;PIK3C2B;GENE;
PA30086;KDR;GENE;PA33308;PIK3CA;GENE;
PA30086;KDR;GENE;PA33309;PIK3CB;GENE;
PA30086;KDR;GENE;PA33310;PIK3CD;GENE;
PA30086;KDR;GENE;PA33311;PIK3CG;GENE;
PA30086;KDR;GENE;PA33312;PIK3R1;GENE;
PA30086;KDR;GENE;PA33313;PIK3R2;GENE;
PA30086;KDR;GENE;PA33314;PIK3R3;GENE;
PA30086;KDR;GENE;PA33392;PLCG1;GENE;
PA30086;KDR;GENE;PA33393;PLCG2;GENE;
PA30086;KDR;GENE;PA36528;TIMP3;GENE;
PA30086;KDR;GENE;PA37302;VEGFA;GENE;
PA30086;KDR;GENE;PA37303;VEGFB;GENE;
PA30086;KDR;GENE;PA37304;VEGFC;GENE;
PA36185;STAT4;GENE;PA134992438;CAMK1D;GENE;
PA36185;STAT4;GENE;PA24684;AKT1;GENE;
PA36185;STAT4;GENE;PA24685;AKT2;GENE;
PA36185;STAT4;GENE;PA24686;AKT3;GENE;
PA36185;STAT4;GENE;PA248;NFKB1;GENE;
PA36185;STAT4;GENE;PA26048;CAMK1;GENE;
PA36185;STAT4;GENE;PA26049;CAMK1G;GENE;
PA36185;STAT4;GENE;PA27749;ELK1;GENE;
PA36185;STAT4;GENE;PA28212;FOS;GENE;
PA36185;STAT4;GENE;PA283;MAPK8;GENE;
PA36185;STAT4;GENE;PA296;RELA;GENE;
PA36185;STAT4;GENE;PA29988;JAK1;GENE;
PA36185;STAT4;GENE;PA30006;JUN;GENE;
PA36185;STAT4;GENE;PA30616;MAPK1;GENE;
PA36185;STAT4;GENE;PA30622;MAPK3;GENE;
PA36185;STAT4;GENE;PA31353;MYC;GENE;
PA36185;STAT4;GENE;PA31600;NFKB2;GENE;
PA36185;STAT4;GENE;PA337;STAT3;GENE;
PA36185;STAT4;GENE;PA33759;PRKCA;GENE;
PA36185;STAT4;GENE;PA33761;PRKCB;GENE;
PA36185;STAT4;GENE;PA33766;PRKCG;GENE;
PA36185;STAT4;GENE;PA338;STAT5A;GENE;
PA36185;STAT4;GENE;PA36042;SP1;GENE;
PA36185;STAT4;GENE;PA36183;STAT1;GENE;
PA36185;STAT4;GENE;PA36184;STAT2;GENE;
PA36185;STAT4;GENE;PA36186;STAT5B;GENE;
PA36185;STAT4;GENE;PA90;CAMK2A;GENE;
PA36185;STAT4;GENE;PA91;CAMK2B;GENE;
PA36185;STAT4;GENE;PA92;CAMK2D;GENE;
PA36185;STAT4;GENE;PA93;CAMK2G;GENE;
PA33681;PPP3R1;GENE;PA248;NFKB1;GENE;
PA33681;PPP3R1;GENE;PA296;RELA;GENE;
PA33681;PPP3R1;GENE;PA31582;NFATC1;GENE;
PA33681;PPP3R1;GENE;PA31583;NFATC2;GENE;
PA33681;PPP3R1;GENE;PA31584;NFATC4;GENE;
PA33681;PPP3R1;GENE;PA31600;NFKB2;GENE;
PA33681;PPP3R1;GENE;PA34321;REL;GENE;
PA33681;PPP3R1;GENE;PA34322;RELB;GENE;
PA267;ABCB1;GENE;PA378;NR1I2;GENE;
PA30861;MLYCD;GENE;PA33744;PRKAA1;GENE;
PA30861;MLYCD;GENE;PA33745;PRKAA2;GENE;
PA30861;MLYCD;GENE;PA33746;PRKAB1;GENE;
PA30861;MLYCD;GENE;PA33747;PRKAB2;GENE;
PA30861;MLYCD;GENE;PA33751;PRKAG1;GENE;
PA30861;MLYCD;GENE;PA33752;PRKAG2;GENE;
PA30861;MLYCD;GENE;PA33753;PRKAG3;GENE;
PA31;ADD1;GENE;PA62;ATP1A1;GENE;
PA26049;CAMK1G;GENE;PA248;NFKB1;GENE;
PA26049;CAMK1G;GENE;PA27749;ELK1;GENE;
PA26049;CAMK1G;GENE;PA28212;FOS;GENE;
PA26049;CAMK1G;GENE;PA296;RELA;GENE;
PA26049;CAMK1G;GENE;PA30006;JUN;GENE;
PA26049;CAMK1G;GENE;PA31353;MYC;GENE;
PA26049;CAMK1G;GENE;PA31600;NFKB2;GENE;
PA26049;CAMK1G;GENE;PA337;STAT3;GENE;
PA26049;CAMK1G;GENE;PA338;STAT5A;GENE;
PA26049;CAMK1G;GENE;PA36042;SP1;GENE;
PA26049;CAMK1G;GENE;PA36183;STAT1;GENE;
PA26049;CAMK1G;GENE;PA36184;STAT2;GENE;
PA26049;CAMK1G;GENE;PA36185;STAT4;GENE;
PA26049;CAMK1G;GENE;PA36186;STAT5B;GENE;
PA248;NFKB1;GENE;PA134992438;CAMK1D;GENE;
PA248;NFKB1;GENE;PA24684;AKT1;GENE;
PA248;NFKB1;GENE;PA24685;AKT2;GENE;
PA248;NFKB1;GENE;PA24686;AKT3;GENE;
PA248;NFKB1;GENE;PA26048;CAMK1;GENE;
PA248;NFKB1;GENE;PA26049;CAMK1G;GENE;
PA248;NFKB1;GENE;PA283;MAPK8;GENE;
PA248;NFKB1;GENE;PA30616;MAPK1;GENE;
PA248;NFKB1;GENE;PA30622;MAPK3;GENE;
PA248;NFKB1;GENE;PA33678;PPP3CA;GENE;
PA248;NFKB1;GENE;PA33679;PPP3CB;GENE;
PA248;NFKB1;GENE;PA33680;PPP3CC;GENE;
PA248;NFKB1;GENE;PA33681;PPP3R1;GENE;
PA248;NFKB1;GENE;PA33682;PPP3R2;GENE;
PA248;NFKB1;GENE;PA337;STAT3;GENE;
PA248;NFKB1;GENE;PA33759;PRKCA;GENE;
PA248;NFKB1;GENE;PA33761;PRKCB;GENE;
PA248;NFKB1;GENE;PA33766;PRKCG;GENE;
PA248;NFKB1;GENE;PA338;STAT5A;GENE;
PA248;NFKB1;GENE;PA36183;STAT1;GENE;
PA248;NFKB1;GENE;PA36184;STAT2;GENE;
PA248;NFKB1;GENE;PA36185;STAT4;GENE;
PA248;NFKB1;GENE;PA36186;STAT5B;GENE;
PA248;NFKB1;GENE;PA90;CAMK2A;GENE;
PA248;NFKB1;GENE;PA91;CAMK2B;GENE;
PA248;NFKB1;GENE;PA92;CAMK2D;GENE;
PA248;NFKB1;GENE;PA93;CAMK2G;GENE;
PA192;HTR1A;GENE;PA172;GNAI1;GENE;
PA192;HTR1A;GENE;PA173;GNAI3;GENE;
PA192;HTR1A;GENE;PA24347;GNAI2;GENE;
PA320;SLC12A1;GENE;PA134973207;OXSR1;GENE;
PA320;SLC12A1;GENE;PA40;GRK2;GENE;
PA33751;PRKAG1;GENE;PA134983031;GPAM;GENE;
PA33751;PRKAG1;GENE;PA142672073;CRTC2;GENE;
PA33751;PRKAG1;GENE;PA189;HMGCR;GENE;
PA33751;PRKAG1;GENE;PA24421;ACACA;GENE;
PA33751;PRKAG1;GENE;PA24422;ACACB;GENE;
PA33751;PRKAG1;GENE;PA30861;MLYCD;GENE;
PA33751;PRKAG1;GENE;PA335;SREBF1;GENE;
PA33751;PRKAG1;GENE;PA35879;SLC2A4;GENE;
PA33751;PRKAG1;GENE;PA36198;STK11;GENE;
PA33751;PRKAG1;GENE;PA37353;MLXIPL;GENE;
PA33751;PRKAG1;GENE;PA37935;SIRT1;GENE;
PA33751;PRKAG1;GENE;PA61;ATM;GENE;
PA33385;PLCB2;GENE;PA134864200;GNB4;GENE;
PA33385;PLCB2;GENE;PA174;GNAQ;GENE;
PA33385;PLCB2;GENE;PA176;GNB3;GENE;
PA33385;PLCB2;GENE;PA26097;CASR;GENE;
PA33385;PLCB2;GENE;PA28776;GNB1;GENE;
PA33385;PLCB2;GENE;PA28777;GNB1L;GENE;
PA33385;PLCB2;GENE;PA28778;GNB2;GENE;
PA33385;PLCB2;GENE;PA28784;GNG2;GENE;
PA33385;PLCB2;GENE;PA28785;GNG3;GENE;
PA33385;PLCB2;GENE;PA28786;GNG4;GENE;
PA33385;PLCB2;GENE;PA28787;GNG5;GENE;
PA33385;PLCB2;GENE;PA28789;GNG7;GENE;
PA33385;PLCB2;GENE;PA33759;PRKCA;GENE;
PA33385;PLCB2;GENE;PA33761;PRKCB;GENE;
PA33385;PLCB2;GENE;PA33766;PRKCG;GENE;
PA33385;PLCB2;GENE;PA33767;PRKCH;GENE;
PA33385;PLCB2;GENE;PA33768;PRKCI;GENE;
PA33385;PLCB2;GENE;PA33771;PRKD1;GENE;
PA33385;PLCB2;GENE;PA33775;PRKCZ;GENE;
PA33385;PLCB2;GENE;PA39;ADRB2;GENE;
PA34321;REL;GENE;PA33678;PPP3CA;GENE;
PA34321;REL;GENE;PA33679;PPP3CB;GENE;
PA34321;REL;GENE;PA33680;PPP3CC;GENE;
PA34321;REL;GENE;PA33681;PPP3R1;GENE;
PA34321;REL;GENE;PA33682;PPP3R2;GENE;
PA28442;FXYD2;GENE;PA24994;ARNT;GENE;
PA91;CAMK2B;GENE;PA248;NFKB1;GENE;
PA91;CAMK2B;GENE;PA27749;ELK1;GENE;
PA91;CAMK2B;GENE;PA28212;FOS;GENE;
PA91;CAMK2B;GENE;PA296;RELA;GENE;
PA91;CAMK2B;GENE;PA30006;JUN;GENE;
PA91;CAMK2B;GENE;PA31353;MYC;GENE;
PA91;CAMK2B;GENE;PA31600;NFKB2;GENE;
PA91;CAMK2B;GENE;PA337;STAT3;GENE;
PA91;CAMK2B;GENE;PA338;STAT5A;GENE;
PA91;CAMK2B;GENE;PA36042;SP1;GENE;
PA91;CAMK2B;GENE;PA36183;STAT1;GENE;
PA91;CAMK2B;GENE;PA36184;STAT2;GENE;
PA91;CAMK2B;GENE;PA36185;STAT4;GENE;
PA91;CAMK2B;GENE;PA36186;STAT5B;GENE;
PA194;HTR2C;GENE;PA174;GNAQ;GENE;
PA33394;PLCL1;GENE;PA26097;CASR;GENE;
PA33394;PLCL1;GENE;PA33759;PRKCA;GENE;
PA33394;PLCL1;GENE;PA33761;PRKCB;GENE;
PA33394;PLCL1;GENE;PA33766;PRKCG;GENE;
PA33394;PLCL1;GENE;PA33767;PRKCH;GENE;
PA33394;PLCL1;GENE;PA33768;PRKCI;GENE;
PA33394;PLCL1;GENE;PA33771;PRKD1;GENE;
PA33394;PLCL1;GENE;PA33775;PRKCZ;GENE;
PA134914471;PLCH2;GENE;PA26097;CASR;GENE;
PA134914471;PLCH2;GENE;PA33759;PRKCA;GENE;
PA134914471;PLCH2;GENE;PA33761;PRKCB;GENE;
PA134914471;PLCH2;GENE;PA33766;PRKCG;GENE;
PA134914471;PLCH2;GENE;PA33767;PRKCH;GENE;
PA134914471;PLCH2;GENE;PA33768;PRKCI;GENE;
PA134914471;PLCH2;GENE;PA33771;PRKD1;GENE;
PA134914471;PLCH2;GENE;PA33775;PRKCZ;GENE;
PA74;ATR;GENE;PA110;CHEK1;GENE;
PA74;ATR;GENE;PA404;CHEK2;GENE;
PA134971076;SHC2;GENE;PA30592;MAP3K1;GENE;
PA134971076;SHC2;GENE;PA34183;RAF1;GENE;
PA134971076;SHC2;GENE;PA7360;EGFR;GENE;
PA33771;PRKD1;GENE;PA128394595;PLCH1;GENE;
PA33771;PRKD1;GENE;PA134875646;PLCZ1;GENE;
PA33771;PRKD1;GENE;PA134914471;PLCH2;GENE;
PA33771;PRKD1;GENE;PA33384;PLCB1;GENE;
PA33771;PRKD1;GENE;PA33385;PLCB2;GENE;
PA33771;PRKD1;GENE;PA33386;PLCB3;GENE;
PA33771;PRKD1;GENE;PA33387;PLCB4;GENE;
PA33771;PRKD1;GENE;PA33388;PLCD1;GENE;
PA33771;PRKD1;GENE;PA33389;PLCD3;GENE;
PA33771;PRKD1;GENE;PA33390;PLCD4;GENE;
PA33771;PRKD1;GENE;PA33391;PLCE1;GENE;
PA33771;PRKD1;GENE;PA33392;PLCG1;GENE;
PA33771;PRKD1;GENE;PA33393;PLCG2;GENE;
PA33771;PRKD1;GENE;PA33394;PLCL1;GENE;
PA33771;PRKD1;GENE;PA33395;PLCL2;GENE;
PA28214;FOSL1;GENE;PA283;MAPK8;GENE;
PA28214;FOSL1;GENE;PA30621;MAPK14;GENE;
PA35931;SLC9A3R1;GENE;PA27745;ELF2;GENE;
PA26554;CLCNKB;GENE;PA134911659;BSND;GENE;
PA33388;PLCD1;GENE;PA26097;CASR;GENE;
PA33388;PLCD1;GENE;PA33759;PRKCA;GENE;
PA33388;PLCD1;GENE;PA33761;PRKCB;GENE;
PA33388;PLCD1;GENE;PA33766;PRKCG;GENE;
PA33388;PLCD1;GENE;PA33767;PRKCH;GENE;
PA33388;PLCD1;GENE;PA33768;PRKCI;GENE;
PA33388;PLCD1;GENE;PA33771;PRKD1;GENE;
PA33388;PLCD1;GENE;PA33775;PRKCZ;GENE;
PA162399173;PDX1;GENE;PA24684;AKT1;GENE;
PA33775;PRKCZ;GENE;PA128394595;PLCH1;GENE;
PA33775;PRKCZ;GENE;PA134875646;PLCZ1;GENE;
PA33775;PRKCZ;GENE;PA134914471;PLCH2;GENE;
PA33775;PRKCZ;GENE;PA33384;PLCB1;GENE;
PA33775;PRKCZ;GENE;PA33385;PLCB2;GENE;
PA33775;PRKCZ;GENE;PA33386;PLCB3;GENE;
PA33775;PRKCZ;GENE;PA33387;PLCB4;GENE;
PA33775;PRKCZ;GENE;PA33388;PLCD1;GENE;
PA33775;PRKCZ;GENE;PA33389;PLCD3;GENE;
PA33775;PRKCZ;GENE;PA33390;PLCD4;GENE;
PA33775;PRKCZ;GENE;PA33391;PLCE1;GENE;
PA33775;PRKCZ;GENE;PA33392;PLCG1;GENE;
PA33775;PRKCZ;GENE;PA33393;PLCG2;GENE;
PA33775;PRKCZ;GENE;PA33394;PLCL1;GENE;
PA33775;PRKCZ;GENE;PA33395;PLCL2;GENE;
PA33775;PRKCZ;GENE;PA34183;RAF1;GENE;
PA33775;PRKCZ;GENE;PA39;ADRB2;GENE;
PA31534;NEDD4L;GENE;PA162403013;SGK1;GENE;
PA31534;NEDD4L;GENE;PA305;SCNN1A;GENE;
PA31534;NEDD4L;GENE;PA306;SCNN1B;GENE;
PA31534;NEDD4L;GENE;PA307;SCNN1G;GENE;
PA31534;NEDD4L;GENE;PA321;SLC12A3;GENE;
PA31534;NEDD4L;GENE;PA62;ATP1A1;GENE;
PA33390;PLCD4;GENE;PA26097;CASR;GENE;
PA33390;PLCD4;GENE;PA33759;PRKCA;GENE;
PA33390;PLCD4;GENE;PA33761;PRKCB;GENE;
PA33390;PLCD4;GENE;PA33766;PRKCG;GENE;
PA33390;PLCD4;GENE;PA33767;PRKCH;GENE;
PA33390;PLCD4;GENE;PA33768;PRKCI;GENE;
PA33390;PLCD4;GENE;PA33771;PRKD1;GENE;
PA33390;PLCD4;GENE;PA33775;PRKCZ;GENE;
PA134963361;MAFA;GENE;PA24684;AKT1;GENE;
PA134963361;MAFA;GENE;PA283;MAPK8;GENE;
PA134963361;MAFA;GENE;PA30621;MAPK14;GENE;
PA51;APOC1;GENE;PA164742099;MTTP;GENE;
PA27068;CYB5A;GENE;PA27331;CYB5R3;GENE;
PA33384;PLCB1;GENE;PA134864200;GNB4;GENE;
PA33384;PLCB1;GENE;PA174;GNAQ;GENE;
PA33384;PLCB1;GENE;PA176;GNB3;GENE;
PA33384;PLCB1;GENE;PA179;GP1BB;GENE;
PA33384;PLCB1;GENE;PA204;ITGA2;GENE;
PA33384;PLCB1;GENE;PA205;ITGB3;GENE;
PA33384;PLCB1;GENE;PA26097;CASR;GENE;
PA33384;PLCB1;GENE;PA26212;CD36;GENE;
PA33384;PLCB1;GENE;PA270;PLA2G2A;GENE;
PA33384;PLCB1;GENE;PA271;PLA2G4A;GENE;
PA33384;PLCB1;GENE;PA28764;GNA11;GENE;
PA33384;PLCB1;GENE;PA28765;GNA12;GENE;
PA33384;PLCB1;GENE;PA28766;GNA13;GENE;
PA33384;PLCB1;GENE;PA28768;GNA15;GENE;
PA33384;PLCB1;GENE;PA28776;GNB1;GENE;
PA33384;PLCB1;GENE;PA28777;GNB1L;GENE;
PA33384;PLCB1;GENE;PA28778;GNB2;GENE;
PA33384;PLCB1;GENE;PA28784;GNG2;GENE;
PA33384;PLCB1;GENE;PA28785;GNG3;GENE;
PA33384;PLCB1;GENE;PA28786;GNG4;GENE;
PA33384;PLCB1;GENE;PA28787;GNG5;GENE;
PA33384;PLCB1;GENE;PA28789;GNG7;GENE;
PA33384;PLCB1;GENE;PA28823;GP5;GENE;
PA33384;PLCB1;GENE;PA28824;GP6;GENE;
PA33384;PLCB1;GENE;PA28825;GP9;GENE;
PA33384;PLCB1;GENE;PA29938;ITGA2B;GENE;
PA33384;PLCB1;GENE;PA33364;PLA2G4B;GENE;
PA33384;PLCB1;GENE;PA33759;PRKCA;GENE;
PA33384;PLCB1;GENE;PA33761;PRKCB;GENE;
PA33384;PLCB1;GENE;PA33766;PRKCG;GENE;
PA33384;PLCB1;GENE;PA33767;PRKCH;GENE;
PA33384;PLCB1;GENE;PA33768;PRKCI;GENE;
PA33384;PLCB1;GENE;PA33771;PRKD1;GENE;
PA33384;PLCB1;GENE;PA33775;PRKCZ;GENE;
PA33384;PLCB1;GENE;PA39;ADRB2;GENE;
PA179;GP1BB;GENE;PA26716;COL3A1;GENE;
PA179;GP1BB;GENE;PA26717;COL4A1;GENE;
PA179;GP1BB;GENE;PA26718;COL4A2;GENE;
PA179;GP1BB;GENE;PA33384;PLCB1;GENE;
PA179;GP1BB;GENE;PA33393;PLCG2;GENE;
PA179;GP1BB;GENE;PA35041;COL1A1;GENE;
PA179;GP1BB;GENE;PA35042;COL1A2;GENE;
PA33680;PPP3CC;GENE;PA248;NFKB1;GENE;
PA33680;PPP3CC;GENE;PA296;RELA;GENE;
PA33680;PPP3CC;GENE;PA31582;NFATC1;GENE;
PA33680;PPP3CC;GENE;PA31583;NFATC2;GENE;
PA33680;PPP3CC;GENE;PA31584;NFATC4;GENE;
PA33680;PPP3CC;GENE;PA31600;NFKB2;GENE;
PA33680;PPP3CC;GENE;PA34321;REL;GENE;
PA33680;PPP3CC;GENE;PA34322;RELB;GENE;
PA271;PLA2G4A;GENE;PA33384;PLCB1;GENE;
PA271;PLA2G4A;GENE;PA33393;PLCG2;GENE;
PA129;CYP2E1;GENE;PA164722867;MIR570;GENE;
PA38243;STK39;GENE;PA134875400;WNK4;GENE;
PA38243;STK39;GENE;PA134973207;OXSR1;GENE;
PA38243;STK39;GENE;PA321;SLC12A3;GENE;
PA38243;STK39;GENE;PA33782;WNK1;GENE;
PA38243;STK39;GENE;PA33784;WNK3;GENE;
PA29560;HTR6;GENE;PA175;GNAS;GENE;
PA134913435;SHC3;GENE;PA30592;MAP3K1;GENE;
PA134913435;SHC3;GENE;PA34183;RAF1;GENE;
PA134913435;SHC3;GENE;PA7360;EGFR;GENE;
PA346;SULT2A1;GENE;PA31751;NR1H3;GENE;
PA270;PLA2G2A;GENE;PA33384;PLCB1;GENE;
PA270;PLA2G2A;GENE;PA33393;PLCG2;GENE;
PA130;CYP3A4;GENE;PA164722621;MIR27A;GENE;
PA130;CYP3A4;GENE;PA378;NR1I2;GENE;
PA130;CYP3A4;GENE;PA391;NR1I3;GENE;
PA31768;NRAS;GENE;PA24928;ARAF;GENE;
PA31768;NRAS;GENE;PA25408;BRAF;GENE;
PA31768;NRAS;GENE;PA26880;CRK;GENE;
PA31768;NRAS;GENE;PA28127;FGFR1;GENE;
PA31768;NRAS;GENE;PA28180;FLT1;GENE;
PA31768;NRAS;GENE;PA28181;FLT3;GENE;
PA31768;NRAS;GENE;PA28183;FLT4;GENE;
PA31768;NRAS;GENE;PA30086;KDR;GENE;
PA31768;NRAS;GENE;PA30128;KIT;GENE;
PA31768;NRAS;GENE;PA30592;MAP3K1;GENE;
PA31768;NRAS;GENE;PA33148;PDGFRB;GENE;
PA31768;NRAS;GENE;PA34183;RAF1;GENE;
PA31768;NRAS;GENE;PA34335;RET;GENE;
PA31768;NRAS;GENE;PA7360;EGFR;GENE;
PA29444;HRAS;GENE;PA24928;ARAF;GENE;
PA29444;HRAS;GENE;PA25408;BRAF;GENE;
PA29444;HRAS;GENE;PA26880;CRK;GENE;
PA29444;HRAS;GENE;PA28127;FGFR1;GENE;
PA29444;HRAS;GENE;PA28180;FLT1;GENE;
PA29444;HRAS;GENE;PA28181;FLT3;GENE;
PA29444;HRAS;GENE;PA28183;FLT4;GENE;
PA29444;HRAS;GENE;PA30086;KDR;GENE;
PA29444;HRAS;GENE;PA30128;KIT;GENE;
PA29444;HRAS;GENE;PA30592;MAP3K1;GENE;
PA29444;HRAS;GENE;PA33148;PDGFRB;GENE;
PA29444;HRAS;GENE;PA34183;RAF1;GENE;
PA29444;HRAS;GENE;PA34335;RET;GENE;
PA29444;HRAS;GENE;PA7360;EGFR;GENE;
PA176;GNB3;GENE;PA134971947;P2RY12;GENE;
PA176;GNB3;GENE;PA164741137;ADCY3;GENE;
PA176;GNB3;GENE;PA27946;F2R;GENE;
PA176;GNB3;GENE;PA27949;F2RL3;GENE;
PA176;GNB3;GENE;PA32868;P2RY1;GENE;
PA176;GNB3;GENE;PA33384;PLCB1;GENE;
PA176;GNB3;GENE;PA33385;PLCB2;GENE;
PA176;GNB3;GENE;PA33386;PLCB3;GENE;
PA176;GNB3;GENE;PA33387;PLCB4;GENE;
PA176;GNB3;GENE;PA33393;PLCG2;GENE;
PA176;GNB3;GENE;PA348;TBXA2R;GENE;
PA25408;BRAF;GENE;PA212;KCNH2;GENE;
PA25408;BRAF;GENE;PA29444;HRAS;GENE;
PA25408;BRAF;GENE;PA30196;KRAS;GENE;
PA25408;BRAF;GENE;PA30584;MAP2K1;GENE;
PA25408;BRAF;GENE;PA30587;MAP2K2;GENE;
PA25408;BRAF;GENE;PA30932;MRAS;GENE;
PA25408;BRAF;GENE;PA31768;NRAS;GENE;
PA25408;BRAF;GENE;PA34861;RRAS;GENE;
PA28776;GNB1;GENE;PA33384;PLCB1;GENE;
PA28776;GNB1;GENE;PA33385;PLCB2;GENE;
PA28776;GNB1;GENE;PA33386;PLCB3;GENE;
PA28776;GNB1;GENE;PA33387;PLCB4;GENE;
PA29549;HTR1B;GENE;PA172;GNAI1;GENE;
PA29549;HTR1B;GENE;PA173;GNAI3;GENE;
PA29549;HTR1B;GENE;PA24347;GNAI2;GENE;
PA7360;EGFR;GENE;PA134913435;SHC3;GENE;
PA7360;EGFR;GENE;PA134971076;SHC2;GENE;
PA7360;EGFR;GENE;PA28962;GRB2;GENE;
PA7360;EGFR;GENE;PA29444;HRAS;GENE;
PA7360;EGFR;GENE;PA29988;JAK1;GENE;
PA7360;EGFR;GENE;PA30196;KRAS;GENE;
PA7360;EGFR;GENE;PA30932;MRAS;GENE;
PA7360;EGFR;GENE;PA31768;NRAS;GENE;
PA7360;EGFR;GENE;PA33308;PIK3CA;GENE;
PA7360;EGFR;GENE;PA33309;PIK3CB;GENE;
PA7360;EGFR;GENE;PA33310;PIK3CD;GENE;
PA7360;EGFR;GENE;PA33311;PIK3CG;GENE;
PA7360;EGFR;GENE;PA33312;PIK3R1;GENE;
PA7360;EGFR;GENE;PA33313;PIK3R2;GENE;
PA7360;EGFR;GENE;PA33314;PIK3R3;GENE;
PA7360;EGFR;GENE;PA33392;PLCG1;GENE;
PA7360;EGFR;GENE;PA33393;PLCG2;GENE;
PA7360;EGFR;GENE;PA34861;RRAS;GENE;
PA7360;EGFR;GENE;PA35746;SHC1;GENE;
PA7360;EGFR;GENE;PA36024;SOS1;GENE;
PA33747;PRKAB2;GENE;PA134983031;GPAM;GENE;
PA33747;PRKAB2;GENE;PA142672073;CRTC2;GENE;
PA33747;PRKAB2;GENE;PA189;HMGCR;GENE;
PA33747;PRKAB2;GENE;PA24421;ACACA;GENE;
PA33747;PRKAB2;GENE;PA24422;ACACB;GENE;
PA33747;PRKAB2;GENE;PA30861;MLYCD;GENE;
PA33747;PRKAB2;GENE;PA335;SREBF1;GENE;
PA33747;PRKAB2;GENE;PA35879;SLC2A4;GENE;
PA33747;PRKAB2;GENE;PA36198;STK11;GENE;
PA33747;PRKAB2;GENE;PA37353;MLXIPL;GENE;
PA33747;PRKAB2;GENE;PA37935;SIRT1;GENE;
PA33747;PRKAB2;GENE;PA61;ATM;GENE;
PA33389;PLCD3;GENE;PA26097;CASR;GENE;
PA33389;PLCD3;GENE;PA33759;PRKCA;GENE;
PA33389;PLCD3;GENE;PA33761;PRKCB;GENE;
PA33389;PLCD3;GENE;PA33766;PRKCG;GENE;
PA33389;PLCD3;GENE;PA33767;PRKCH;GENE;
PA33389;PLCD3;GENE;PA33768;PRKCI;GENE;
PA33389;PLCD3;GENE;PA33771;PRKD1;GENE;
PA33389;PLCD3;GENE;PA33775;PRKCZ;GENE;
PA30535;MAFB;GENE;PA283;MAPK8;GENE;
PA30535;MAFB;GENE;PA30621;MAPK14;GENE;
PA25268;BATF;GENE;PA283;MAPK8;GENE;
PA25268;BATF;GENE;PA30621;MAPK14;GENE;
PA33304;PIK3C2A;GENE;PA134941638;FGFR1OP;GENE;
PA33304;PIK3C2A;GENE;PA134972108;FGFR1OP2;GENE;
PA33304;PIK3C2A;GENE;PA24684;AKT1;GENE;
PA33304;PIK3C2A;GENE;PA24685;AKT2;GENE;
PA33304;PIK3C2A;GENE;PA24686;AKT3;GENE;
PA33304;PIK3C2A;GENE;PA28127;FGFR1;GENE;
PA33304;PIK3C2A;GENE;PA28128;FGFR2;GENE;
PA33304;PIK3C2A;GENE;PA28129;FGFR3;GENE;
PA33304;PIK3C2A;GENE;PA28130;FGFR4;GENE;
PA33304;PIK3C2A;GENE;PA28131;FGFR3P1;GENE;
PA33304;PIK3C2A;GENE;PA28132;FGFRL1;GENE;
PA33304;PIK3C2A;GENE;PA28180;FLT1;GENE;
PA33304;PIK3C2A;GENE;PA28183;FLT4;GENE;
PA33304;PIK3C2A;GENE;PA29457;HRH2;GENE;
PA33304;PIK3C2A;GENE;PA30086;KDR;GENE;
PA123;CYP2B6;GENE;PA378;NR1I2;GENE;
PA123;CYP2B6;GENE;PA391;NR1I3;GENE;
PA62;ATP1A1;GENE;PA162409589;ZEB1;GENE;
PA62;ATP1A1;GENE;PA30616;MAPK1;GENE;
PA62;ATP1A1;GENE;PA30622;MAPK3;GENE;
PA62;ATP1A1;GENE;PA31;ADD1;GENE;
PA62;ATP1A1;GENE;PA31534;NEDD4L;GENE;
PA62;ATP1A1;GENE;PA33663;PPP2CA;GENE;
PA62;ATP1A1;GENE;PA33745;PRKAA2;GENE;
PA62;ATP1A1;GENE;PA33765;PRKCE;GENE;
PA62;ATP1A1;GENE;PA40;GRK2;GENE;
PA62;ATP1A1;GENE;PA41;GRK3;GENE;
PA62;ATP1A1;GENE;PA60;ARRB2;GENE;
PA31741;NPY2R;GENE;PA255;NPY;GENE;
PA31741;NPY2R;GENE;PA34090;PYY;GENE;
PA39;ADRB2;GENE;PA172;GNAI1;GENE;
PA39;ADRB2;GENE;PA173;GNAI3;GENE;
PA39;ADRB2;GENE;PA175;GNAS;GENE;
PA39;ADRB2;GENE;PA24347;GNAI2;GENE;
PA39;ADRB2;GENE;PA27745;ELF2;GENE;
PA39;ADRB2;GENE;PA33384;PLCB1;GENE;
PA39;ADRB2;GENE;PA33385;PLCB2;GENE;
PA39;ADRB2;GENE;PA33386;PLCB3;GENE;
PA39;ADRB2;GENE;PA33387;PLCB4;GENE;
PA39;ADRB2;GENE;PA33759;PRKCA;GENE;
PA39;ADRB2;GENE;PA33761;PRKCB;GENE;
PA39;ADRB2;GENE;PA33763;PRKCD;GENE;
PA39;ADRB2;GENE;PA33764;CAVIN3;GENE;
PA39;ADRB2;GENE;PA33765;PRKCE;GENE;
PA39;ADRB2;GENE;PA33766;PRKCG;GENE;
PA39;ADRB2;GENE;PA33767;PRKCH;GENE;
PA39;ADRB2;GENE;PA33773;PRKCQ;GENE;
PA39;ADRB2;GENE;PA33775;PRKCZ;GENE;
PA39;ADRB2;GENE;PA40;GRK2;GENE;
PA39;ADRB2;GENE;PA41;GRK3;GENE;
PA39;ADRB2;GENE;PA59;ARRB1;GENE;
PA39;ADRB2;GENE;PA60;ARRB2;GENE;
PA24561;ADCY2;GENE;PA172;GNAI1;GENE;
PA24561;ADCY2;GENE;PA173;GNAI3;GENE;
PA24561;ADCY2;GENE;PA175;GNAS;GENE;
PA24561;ADCY2;GENE;PA24347;GNAI2;GENE;
PA134972108;FGFR1OP2;GENE;PA26880;CRK;GENE;
PA134972108;FGFR1OP2;GENE;PA28115;FGF2;GENE;
PA134972108;FGFR1OP2;GENE;PA33304;PIK3C2A;GENE;
PA134972108;FGFR1OP2;GENE;PA33305;PIK3C2B;GENE;
PA34361;RGS1;GENE;PA172;GNAI1;GENE;
PA34361;RGS1;GENE;PA173;GNAI3;GENE;
PA34361;RGS1;GENE;PA175;GNAS;GENE;
PA34361;RGS1;GENE;PA24347;GNAI2;GENE;
PA28131;FGFR3P1;GENE;PA26880;CRK;GENE;
PA28131;FGFR3P1;GENE;PA28115;FGF2;GENE;
PA28131;FGFR3P1;GENE;PA33304;PIK3C2A;GENE;
PA28131;FGFR3P1;GENE;PA33305;PIK3C2B;GENE;
PA273;PLTP;GENE;PA24887;APOA4;GENE;
PA273;PLTP;GENE;PA49;APOA1;GENE;
PA162392499;JDP2;GENE;PA283;MAPK8;GENE;
PA162392499;JDP2;GENE;PA30621;MAPK14;GENE;
PA28765;GNA12;GENE;PA27946;F2R;GENE;
PA28765;GNA12;GENE;PA27949;F2RL3;GENE;
PA28765;GNA12;GENE;PA32868;P2RY1;GENE;
PA28765;GNA12;GENE;PA33384;PLCB1;GENE;
PA28765;GNA12;GENE;PA33393;PLCG2;GENE;
PA28765;GNA12;GENE;PA348;TBXA2R;GENE;
PA33759;PRKCA;GENE;PA128394595;PLCH1;GENE;
PA33759;PRKCA;GENE;PA134875646;PLCZ1;GENE;
PA33759;PRKCA;GENE;PA134914471;PLCH2;GENE;
PA33759;PRKCA;GENE;PA248;NFKB1;GENE;
PA33759;PRKCA;GENE;PA27749;ELK1;GENE;
PA33759;PRKCA;GENE;PA28212;FOS;GENE;
PA33759;PRKCA;GENE;PA296;RELA;GENE;
PA33759;PRKCA;GENE;PA30006;JUN;GENE;
PA33759;PRKCA;GENE;PA31353;MYC;GENE;
PA33759;PRKCA;GENE;PA31600;NFKB2;GENE;
PA33759;PRKCA;GENE;PA33384;PLCB1;GENE;
PA33759;PRKCA;GENE;PA33385;PLCB2;GENE;
PA33759;PRKCA;GENE;PA33386;PLCB3;GENE;
PA33759;PRKCA;GENE;PA33387;PLCB4;GENE;
PA33759;PRKCA;GENE;PA33388;PLCD1;GENE;
PA33759;PRKCA;GENE;PA33389;PLCD3;GENE;
PA33759;PRKCA;GENE;PA33390;PLCD4;GENE;
PA33759;PRKCA;GENE;PA33391;PLCE1;GENE;
PA33759;PRKCA;GENE;PA33392;PLCG1;GENE;
PA33759;PRKCA;GENE;PA33393;PLCG2;GENE;
PA33759;PRKCA;GENE;PA33394;PLCL1;GENE;
PA33759;PRKCA;GENE;PA33395;PLCL2;GENE;
PA33759;PRKCA;GENE;PA337;STAT3;GENE;
PA33759;PRKCA;GENE;PA338;STAT5A;GENE;
PA33759;PRKCA;GENE;PA34183;RAF1;GENE;
PA33759;PRKCA;GENE;PA36042;SP1;GENE;
PA33759;PRKCA;GENE;PA36183;STAT1;GENE;
PA33759;PRKCA;GENE;PA36184;STAT2;GENE;
PA33759;PRKCA;GENE;PA36185;STAT4;GENE;
PA33759;PRKCA;GENE;PA36186;STAT5B;GENE;
PA33759;PRKCA;GENE;PA39;ADRB2;GENE;
PA134875400;WNK4;GENE;PA213;KCNJ1;GENE;
PA134875400;WNK4;GENE;PA305;SCNN1A;GENE;
PA134875400;WNK4;GENE;PA306;SCNN1B;GENE;
PA134875400;WNK4;GENE;PA307;SCNN1G;GENE;
PA134875400;WNK4;GENE;PA321;SLC12A3;GENE;
PA134875400;WNK4;GENE;PA33782;WNK1;GENE;
PA134875400;WNK4;GENE;PA38243;STK39;GENE;
PA27749;ELK1;GENE;PA134992438;CAMK1D;GENE;
PA27749;ELK1;GENE;PA24684;AKT1;GENE;
PA27749;ELK1;GENE;PA24685;AKT2;GENE;
PA27749;ELK1;GENE;PA24686;AKT3;GENE;
PA27749;ELK1;GENE;PA26048;CAMK1;GENE;
PA27749;ELK1;GENE;PA26049;CAMK1G;GENE;
PA27749;ELK1;GENE;PA283;MAPK8;GENE;
PA27749;ELK1;GENE;PA30616;MAPK1;GENE;
PA27749;ELK1;GENE;PA30622;MAPK3;GENE;
PA27749;ELK1;GENE;PA337;STAT3;GENE;
PA27749;ELK1;GENE;PA33759;PRKCA;GENE;
PA27749;ELK1;GENE;PA33761;PRKCB;GENE;
PA27749;ELK1;GENE;PA33766;PRKCG;GENE;
PA27749;ELK1;GENE;PA338;STAT5A;GENE;
PA27749;ELK1;GENE;PA36183;STAT1;GENE;
PA27749;ELK1;GENE;PA36184;STAT2;GENE;
PA27749;ELK1;GENE;PA36185;STAT4;GENE;
PA27749;ELK1;GENE;PA36186;STAT5B;GENE;
PA27749;ELK1;GENE;PA90;CAMK2A;GENE;
PA27749;ELK1;GENE;PA91;CAMK2B;GENE;
PA27749;ELK1;GENE;PA92;CAMK2D;GENE;
PA27749;ELK1;GENE;PA93;CAMK2G;GENE;
PA30622;MAPK3;GENE;PA248;NFKB1;GENE;
PA30622;MAPK3;GENE;PA27749;ELK1;GENE;
PA30622;MAPK3;GENE;PA27902;ETS1;GENE;
PA30622;MAPK3;GENE;PA28212;FOS;GENE;
PA30622;MAPK3;GENE;PA284;MAP2K7;GENE;
PA30622;MAPK3;GENE;PA296;RELA;GENE;
PA30622;MAPK3;GENE;PA30006;JUN;GENE;
PA30622;MAPK3;GENE;PA30584;MAP2K1;GENE;
PA30622;MAPK3;GENE;PA30587;MAP2K2;GENE;
PA30622;MAPK3;GENE;PA30588;MAP2K3;GENE;
PA30622;MAPK3;GENE;PA30589;MAP2K4;GENE;
PA30622;MAPK3;GENE;PA30590;MAP2K5;GENE;
PA30622;MAPK3;GENE;PA30591;MAP2K6;GENE;
PA30622;MAPK3;GENE;PA31353;MYC;GENE;
PA30622;MAPK3;GENE;PA31600;NFKB2;GENE;
PA30622;MAPK3;GENE;PA337;STAT3;GENE;
PA30622;MAPK3;GENE;PA338;STAT5A;GENE;
PA30622;MAPK3;GENE;PA36042;SP1;GENE;
PA30622;MAPK3;GENE;PA36183;STAT1;GENE;
PA30622;MAPK3;GENE;PA36184;STAT2;GENE;
PA30622;MAPK3;GENE;PA36185;STAT4;GENE;
PA30622;MAPK3;GENE;PA36186;STAT5B;GENE;
PA30622;MAPK3;GENE;PA62;ATP1A1;GENE;
PA93;CAMK2G;GENE;PA248;NFKB1;GENE;
PA93;CAMK2G;GENE;PA27749;ELK1;GENE;
PA93;CAMK2G;GENE;PA28212;FOS;GENE;
PA93;CAMK2G;GENE;PA296;RELA;GENE;
PA93;CAMK2G;GENE;PA30006;JUN;GENE;
PA93;CAMK2G;GENE;PA31353;MYC;GENE;
PA93;CAMK2G;GENE;PA31600;NFKB2;GENE;
PA93;CAMK2G;GENE;PA337;STAT3;GENE;
PA93;CAMK2G;GENE;PA338;STAT5A;GENE;
PA93;CAMK2G;GENE;PA36042;SP1;GENE;
PA93;CAMK2G;GENE;PA36183;STAT1;GENE;
PA93;CAMK2G;GENE;PA36184;STAT2;GENE;
PA93;CAMK2G;GENE;PA36185;STAT4;GENE;
PA93;CAMK2G;GENE;PA36186;STAT5B;GENE;
PA27902;ETS1;GENE;PA30616;MAPK1;GENE;
PA27902;ETS1;GENE;PA30622;MAPK3;GENE;
PA36528;TIMP3;GENE;PA30086;KDR;GENE;
PA28213;FOSB;GENE;PA283;MAPK8;GENE;
PA28213;FOSB;GENE;PA30621;MAPK14;GENE;
PA204;ITGA2;GENE;PA26716;COL3A1;GENE;
PA204;ITGA2;GENE;PA26717;COL4A1;GENE;
PA204;ITGA2;GENE;PA26718;COL4A2;GENE;
PA204;ITGA2;GENE;PA33384;PLCB1;GENE;
PA204;ITGA2;GENE;PA33393;PLCG2;GENE;
PA204;ITGA2;GENE;PA35041;COL1A1;GENE;
PA204;ITGA2;GENE;PA35042;COL1A2;GENE;
PA134885765;SOCS3;GENE;PA36184;STAT2;GENE;
PA305;SCNN1A;GENE;PA134875400;WNK4;GENE;
PA305;SCNN1A;GENE;PA31534;NEDD4L;GENE;
PA305;SCNN1A;GENE;PA33782;WNK1;GENE;
PA28183;FLT4;GENE;PA29444;HRAS;GENE;
PA28183;FLT4;GENE;PA30196;KRAS;GENE;
PA28183;FLT4;GENE;PA31768;NRAS;GENE;
PA28183;FLT4;GENE;PA33304;PIK3C2A;GENE;
PA28183;FLT4;GENE;PA33305;PIK3C2B;GENE;
PA28183;FLT4;GENE;PA33308;PIK3CA;GENE;
PA28183;FLT4;GENE;PA33309;PIK3CB;GENE;
PA28183;FLT4;GENE;PA33310;PIK3CD;GENE;
PA28183;FLT4;GENE;PA33311;PIK3CG;GENE;
PA28183;FLT4;GENE;PA33312;PIK3R1;GENE;
PA28183;FLT4;GENE;PA33313;PIK3R2;GENE;
PA28183;FLT4;GENE;PA33314;PIK3R3;GENE;
PA33392;PLCG1;GENE;PA26097;CASR;GENE;
PA33392;PLCG1;GENE;PA27844;ERBB2;GENE;
PA33392;PLCG1;GENE;PA27846;ERBB3;GENE;
PA33392;PLCG1;GENE;PA27847;ERBB4;GENE;
PA33392;PLCG1;GENE;PA30086;KDR;GENE;
PA33392;PLCG1;GENE;PA33759;PRKCA;GENE;
PA33392;PLCG1;GENE;PA33761;PRKCB;GENE;
PA33392;PLCG1;GENE;PA33763;PRKCD;GENE;
PA33392;PLCG1;GENE;PA33765;PRKCE;GENE;
PA33392;PLCG1;GENE;PA33766;PRKCG;GENE;
PA33392;PLCG1;GENE;PA33767;PRKCH;GENE;
PA33392;PLCG1;GENE;PA33768;PRKCI;GENE;
PA33392;PLCG1;GENE;PA33771;PRKD1;GENE;
PA33392;PLCG1;GENE;PA33773;PRKCQ;GENE;
PA33392;PLCG1;GENE;PA33775;PRKCZ;GENE;
PA33392;PLCG1;GENE;PA7360;EGFR;GENE;
PA28768;GNA15;GENE;PA27946;F2R;GENE;
PA28768;GNA15;GENE;PA27949;F2RL3;GENE;
PA28768;GNA15;GENE;PA32868;P2RY1;GENE;
PA28768;GNA15;GENE;PA33384;PLCB1;GENE;
PA28768;GNA15;GENE;PA33393;PLCG2;GENE;
PA28768;GNA15;GENE;PA348;TBXA2R;GENE;
PA157;F2;GENE;PA27946;F2R;GENE;
PA157;F2;GENE;PA27949;F2RL3;GENE;
PA321;SLC12A3;GENE;PA134875400;WNK4;GENE;
PA321;SLC12A3;GENE;PA31534;NEDD4L;GENE;
PA321;SLC12A3;GENE;PA33784;WNK3;GENE;
PA321;SLC12A3;GENE;PA38243;STK39;GENE;
PA164722345;MIR10A;GENE;PA33308;PIK3CA;GENE;
PA28787;GNG5;GENE;PA33384;PLCB1;GENE;
PA28787;GNG5;GENE;PA33385;PLCB2;GENE;
PA28787;GNG5;GENE;PA33386;PLCB3;GENE;
PA28787;GNG5;GENE;PA33387;PLCB4;GENE;
PA30718;MDM2;GENE;PA36679;TP53;GENE;
PA24560;ADCY1;GENE;PA172;GNAI1;GENE;
PA24560;ADCY1;GENE;PA173;GNAI3;GENE;
PA24560;ADCY1;GENE;PA175;GNAS;GENE;
PA24560;ADCY1;GENE;PA24347;GNAI2;GENE;
PA306;SCNN1B;GENE;PA134875400;WNK4;GENE;
PA306;SCNN1B;GENE;PA31534;NEDD4L;GENE;
PA306;SCNN1B;GENE;PA33782;WNK1;GENE;
PA30619;MAPK12;GENE;PA284;MAP2K7;GENE;
PA30619;MAPK12;GENE;PA30584;MAP2K1;GENE;
PA30619;MAPK12;GENE;PA30587;MAP2K2;GENE;
PA30619;MAPK12;GENE;PA30588;MAP2K3;GENE;
PA30619;MAPK12;GENE;PA30589;MAP2K4;GENE;
PA30619;MAPK12;GENE;PA30590;MAP2K5;GENE;
PA30619;MAPK12;GENE;PA30591;MAP2K6;GENE;
PA134875646;PLCZ1;GENE;PA26097;CASR;GENE;
PA134875646;PLCZ1;GENE;PA33759;PRKCA;GENE;
PA134875646;PLCZ1;GENE;PA33761;PRKCB;GENE;
PA134875646;PLCZ1;GENE;PA33766;PRKCG;GENE;
PA134875646;PLCZ1;GENE;PA33767;PRKCH;GENE;
PA134875646;PLCZ1;GENE;PA33768;PRKCI;GENE;
PA134875646;PLCZ1;GENE;PA33771;PRKD1;GENE;
PA134875646;PLCZ1;GENE;PA33775;PRKCZ;GENE;
PA36024;SOS1;GENE;PA30592;MAP3K1;GENE;
PA36024;SOS1;GENE;PA34183;RAF1;GENE;
PA36024;SOS1;GENE;PA7360;EGFR;GENE;
PA33746;PRKAB1;GENE;PA134983031;GPAM;GENE;
PA33746;PRKAB1;GENE;PA142672073;CRTC2;GENE;
PA33746;PRKAB1;GENE;PA189;HMGCR;GENE;
PA33746;PRKAB1;GENE;PA24421;ACACA;GENE;
PA33746;PRKAB1;GENE;PA24422;ACACB;GENE;
PA33746;PRKAB1;GENE;PA30861;MLYCD;GENE;
PA33746;PRKAB1;GENE;PA335;SREBF1;GENE;
PA33746;PRKAB1;GENE;PA35879;SLC2A4;GENE;
PA33746;PRKAB1;GENE;PA36198;STK11;GENE;
PA33746;PRKAB1;GENE;PA37353;MLXIPL;GENE;
PA33746;PRKAB1;GENE;PA37935;SIRT1;GENE;
PA33746;PRKAB1;GENE;PA61;ATM;GENE;
PA26212;CD36;GENE;PA26716;COL3A1;GENE;
PA26212;CD36;GENE;PA26717;COL4A1;GENE;
PA26212;CD36;GENE;PA26718;COL4A2;GENE;
PA26212;CD36;GENE;PA33384;PLCB1;GENE;
PA26212;CD36;GENE;PA33393;PLCG2;GENE;
PA26212;CD36;GENE;PA35041;COL1A1;GENE;
PA26212;CD36;GENE;PA35042;COL1A2;GENE;
PA31583;NFATC2;GENE;PA33678;PPP3CA;GENE;
PA31583;NFATC2;GENE;PA33679;PPP3CB;GENE;
PA31583;NFATC2;GENE;PA33680;PPP3CC;GENE;
PA31583;NFATC2;GENE;PA33681;PPP3R1;GENE;
PA31583;NFATC2;GENE;PA33682;PPP3R2;GENE;
PA29938;ITGA2B;GENE;PA33384;PLCB1;GENE;
PA29938;ITGA2B;GENE;PA33393;PLCG2;GENE;
PA30594;MAP3K11;GENE;PA30588;MAP2K3;GENE;
PA30594;MAP3K11;GENE;PA30591;MAP2K6;GENE;
PA24562;ADCY4;GENE;PA172;GNAI1;GENE;
PA24562;ADCY4;GENE;PA173;GNAI3;GENE;
PA24562;ADCY4;GENE;PA175;GNAS;GENE;
PA24562;ADCY4;GENE;PA24347;GNAI2;GENE;
PA316;SLC9A3;GENE;PA27745;ELF2;GENE;
PA27;ADCY6;GENE;PA172;GNAI1;GENE;
PA27;ADCY6;GENE;PA173;GNAI3;GENE;
PA27;ADCY6;GENE;PA175;GNAS;GENE;
PA27;ADCY6;GENE;PA24347;GNAI2;GENE;
PA264;PDE4C;GENE;PA59;ARRB1;GENE;
PA264;PDE4C;GENE;PA60;ARRB2;GENE;
PA30592;MAP3K1;GENE;PA134913435;SHC3;GENE;
PA30592;MAP3K1;GENE;PA134971076;SHC2;GENE;
PA30592;MAP3K1;GENE;PA284;MAP2K7;GENE;
PA30592;MAP3K1;GENE;PA28962;GRB2;GENE;
PA30592;MAP3K1;GENE;PA29444;HRAS;GENE;
PA30592;MAP3K1;GENE;PA30196;KRAS;GENE;
PA30592;MAP3K1;GENE;PA30589;MAP2K4;GENE;
PA30592;MAP3K1;GENE;PA30932;MRAS;GENE;
PA30592;MAP3K1;GENE;PA31768;NRAS;GENE;
PA30592;MAP3K1;GENE;PA34861;RRAS;GENE;
PA30592;MAP3K1;GENE;PA35746;SHC1;GENE;
PA30592;MAP3K1;GENE;PA36024;SOS1;GENE;
PA30621;MAPK14;GENE;PA134963361;MAFA;GENE;
PA30621;MAPK14;GENE;PA162392499;JDP2;GENE;
PA30621;MAPK14;GENE;PA25084;ATF2;GENE;
PA30621;MAPK14;GENE;PA25085;ATF3;GENE;
PA30621;MAPK14;GENE;PA25268;BATF;GENE;
PA30621;MAPK14;GENE;PA28212;FOS;GENE;
PA30621;MAPK14;GENE;PA28213;FOSB;GENE;
PA30621;MAPK14;GENE;PA28214;FOSL1;GENE;
PA30621;MAPK14;GENE;PA28215;FOSL2;GENE;
PA30621;MAPK14;GENE;PA284;MAP2K7;GENE;
PA30621;MAPK14;GENE;PA30006;JUN;GENE;
PA30621;MAPK14;GENE;PA30007;JUNB;GENE;
PA30621;MAPK14;GENE;PA30008;JUND;GENE;
PA30621;MAPK14;GENE;PA30534;MAF;GENE;
PA30621;MAPK14;GENE;PA30535;MAFB;GENE;
PA30621;MAPK14;GENE;PA30538;MAFF;GENE;
PA30621;MAPK14;GENE;PA30539;MAFG;GENE;
PA30621;MAPK14;GENE;PA30540;MAFK;GENE;
PA30621;MAPK14;GENE;PA30584;MAP2K1;GENE;
PA30621;MAPK14;GENE;PA30587;MAP2K2;GENE;
PA30621;MAPK14;GENE;PA30588;MAP2K3;GENE;
PA30621;MAPK14;GENE;PA30589;MAP2K4;GENE;
PA30621;MAPK14;GENE;PA30590;MAP2K5;GENE;
PA30621;MAPK14;GENE;PA30591;MAP2K6;GENE;
PA30621;MAPK14;GENE;PA31781;NRL;GENE;
PA307;SCNN1G;GENE;PA134875400;WNK4;GENE;
PA307;SCNN1G;GENE;PA31534;NEDD4L;GENE;
PA307;SCNN1G;GENE;PA33782;WNK1;GENE;
PA255;NPY;GENE;PA258;NPY1R;GENE;
PA255;NPY;GENE;PA31741;NPY2R;GENE;
PA33312;PIK3R1;GENE;PA24684;AKT1;GENE;
PA33312;PIK3R1;GENE;PA27844;ERBB2;GENE;
PA33312;PIK3R1;GENE;PA27846;ERBB3;GENE;
PA33312;PIK3R1;GENE;PA27847;ERBB4;GENE;
PA33312;PIK3R1;GENE;PA28180;FLT1;GENE;
PA33312;PIK3R1;GENE;PA28183;FLT4;GENE;
PA33312;PIK3R1;GENE;PA30086;KDR;GENE;
PA33312;PIK3R1;GENE;PA33308;PIK3CA;GENE;
PA33312;PIK3R1;GENE;PA33942;PTEN;GENE;
PA33312;PIK3R1;GENE;PA7360;EGFR;GENE;
PA24580;ADM;GENE;PA162390165;GPR182;GENE;
PA32868;P2RY1;GENE;PA174;GNAQ;GENE;
PA32868;P2RY1;GENE;PA176;GNB3;GENE;
PA32868;P2RY1;GENE;PA28764;GNA11;GENE;
PA32868;P2RY1;GENE;PA28765;GNA12;GENE;
PA32868;P2RY1;GENE;PA28766;GNA13;GENE;
PA32868;P2RY1;GENE;PA28768;GNA15;GENE;
PA28962;GRB2;GENE;PA30592;MAP3K1;GENE;
PA28962;GRB2;GENE;PA34183;RAF1;GENE;
PA28962;GRB2;GENE;PA7360;EGFR;GENE;
PA24422;ACACB;GENE;PA33744;PRKAA1;GENE;
PA24422;ACACB;GENE;PA33745;PRKAA2;GENE;
PA24422;ACACB;GENE;PA33746;PRKAB1;GENE;
PA24422;ACACB;GENE;PA33747;PRKAB2;GENE;
PA24422;ACACB;GENE;PA33751;PRKAG1;GENE;
PA24422;ACACB;GENE;PA33752;PRKAG2;GENE;
PA24422;ACACB;GENE;PA33753;PRKAG3;GENE;
PA212;KCNH2;GENE;PA25408;BRAF;GENE;
PA33128;PDE4A;GENE;PA59;ARRB1;GENE;
PA33128;PDE4A;GENE;PA60;ARRB2;GENE;
PA27939;EZH2;GENE;PA27133;DAB2IP;GENE;
PA84;CACNA1D;GENE;PA33748;PRKACA;GENE;
PA84;CACNA1D;GENE;PA33749;PRKACB;GENE;
PA84;CACNA1D;GENE;PA33750;PRKACG;GENE;
PA29457;HRH2;GENE;PA134890823;PIK3R5;GENE;
PA29457;HRH2;GENE;PA175;GNAS;GENE;
PA29457;HRH2;GENE;PA33304;PIK3C2A;GENE;
PA29457;HRH2;GENE;PA33305;PIK3C2B;GENE;
PA37188;UGT2B15;GENE;PA156;ESR1;GENE;
PA30008;JUND;GENE;PA283;MAPK8;GENE;
PA30008;JUND;GENE;PA30621;MAPK14;GENE;
PA33308;PIK3CA;GENE;PA164722345;MIR10A;GENE;
PA33308;PIK3CA;GENE;PA24684;AKT1;GENE;
PA33308;PIK3CA;GENE;PA27844;ERBB2;GENE;
PA33308;PIK3CA;GENE;PA27846;ERBB3;GENE;
PA33308;PIK3CA;GENE;PA27847;ERBB4;GENE;
PA33308;PIK3CA;GENE;PA28180;FLT1;GENE;
PA33308;PIK3CA;GENE;PA28183;FLT4;GENE;
PA33308;PIK3CA;GENE;PA30086;KDR;GENE;
PA33308;PIK3CA;GENE;PA33312;PIK3R1;GENE;
PA33308;PIK3CA;GENE;PA7360;EGFR;GENE;
PA26718;COL4A2;GENE;PA179;GP1BB;GENE;
PA26718;COL4A2;GENE;PA204;ITGA2;GENE;
PA26718;COL4A2;GENE;PA26212;CD36;GENE;
PA26718;COL4A2;GENE;PA28823;GP5;GENE;
PA26718;COL4A2;GENE;PA28824;GP6;GENE;
PA26718;COL4A2;GENE;PA28825;GP9;GENE;
PA90;CAMK2A;GENE;PA248;NFKB1;GENE;
PA90;CAMK2A;GENE;PA27749;ELK1;GENE;
PA90;CAMK2A;GENE;PA28212;FOS;GENE;
PA90;CAMK2A;GENE;PA296;RELA;GENE;
PA90;CAMK2A;GENE;PA30006;JUN;GENE;
PA90;CAMK2A;GENE;PA31353;MYC;GENE;
PA90;CAMK2A;GENE;PA31600;NFKB2;GENE;
PA90;CAMK2A;GENE;PA337;STAT3;GENE;
PA90;CAMK2A;GENE;PA338;STAT5A;GENE;
PA90;CAMK2A;GENE;PA36042;SP1;GENE;
PA90;CAMK2A;GENE;PA36183;STAT1;GENE;
PA90;CAMK2A;GENE;PA36184;STAT2;GENE;
PA90;CAMK2A;GENE;PA36185;STAT4;GENE;
PA90;CAMK2A;GENE;PA36186;STAT5B;GENE;
PA30625;MAPK7;GENE;PA284;MAP2K7;GENE;
PA30625;MAPK7;GENE;PA30584;MAP2K1;GENE;
PA30625;MAPK7;GENE;PA30587;MAP2K2;GENE;
PA30625;MAPK7;GENE;PA30588;MAP2K3;GENE;
PA30625;MAPK7;GENE;PA30589;MAP2K4;GENE;
PA30625;MAPK7;GENE;PA30590;MAP2K5;GENE;
PA30625;MAPK7;GENE;PA30591;MAP2K6;GENE;
PA142672077;CRISPLD2;GENE;PA198;IL6;GENE;
PA142672077;CRISPLD2;GENE;PA29841;IL8;GENE;
PA29841;CXCL8;GENE;PA142672077;CRISPLD2;GENE;
PA33768;PRKCI;GENE;PA128394595;PLCH1;GENE;
PA33768;PRKCI;GENE;PA134875646;PLCZ1;GENE;
PA33768;PRKCI;GENE;PA134914471;PLCH2;GENE;
PA33768;PRKCI;GENE;PA33384;PLCB1;GENE;
PA33768;PRKCI;GENE;PA33385;PLCB2;GENE;
PA33768;PRKCI;GENE;PA33386;PLCB3;GENE;
PA33768;PRKCI;GENE;PA33387;PLCB4;GENE;
PA33768;PRKCI;GENE;PA33388;PLCD1;GENE;
PA33768;PRKCI;GENE;PA33389;PLCD3;GENE;
PA33768;PRKCI;GENE;PA33390;PLCD4;GENE;
PA33768;PRKCI;GENE;PA33391;PLCE1;GENE;
PA33768;PRKCI;GENE;PA33392;PLCG1;GENE;
PA33768;PRKCI;GENE;PA33393;PLCG2;GENE;
PA33768;PRKCI;GENE;PA33394;PLCL1;GENE;
PA33768;PRKCI;GENE;PA33395;PLCL2;GENE;
PA33768;PRKCI;GENE;PA34183;RAF1;GENE;
PA28786;GNG4;GENE;PA33384;PLCB1;GENE;
PA28786;GNG4;GENE;PA33385;PLCB2;GENE;
PA28786;GNG4;GENE;PA33386;PLCB3;GENE;
PA28786;GNG4;GENE;PA33387;PLCB4;GENE;
PA30630;MAPK9;GENE;PA284;MAP2K7;GENE;
PA30630;MAPK9;GENE;PA30584;MAP2K1;GENE;
PA30630;MAPK9;GENE;PA30587;MAP2K2;GENE;
PA30630;MAPK9;GENE;PA30588;MAP2K3;GENE;
PA30630;MAPK9;GENE;PA30589;MAP2K4;GENE;
PA30630;MAPK9;GENE;PA30590;MAP2K5;GENE;
PA30630;MAPK9;GENE;PA30591;MAP2K6;GENE;
PA24388;ABCB6;GENE;PA28181;FLT3;GENE;
PA26008;CACNA1B;GENE;PA33748;PRKACA;GENE;
PA26008;CACNA1B;GENE;PA33749;PRKACB;GENE;
PA26008;CACNA1B;GENE;PA33750;PRKACG;GENE;
PA285;PTGDR;GENE;PA175;GNAS;GENE;
PA31783;NRP1;GENE;PA30086;KDR;GENE;
PA31783;NRP1;GENE;PA37302;VEGFA;GENE;
PA31783;NRP1;GENE;PA37303;VEGFB;GENE;
PA31783;NRP1;GENE;PA37304;VEGFC;GENE;
PA128394595;PLCH1;GENE;PA26097;CASR;GENE;
PA128394595;PLCH1;GENE;PA33759;PRKCA;GENE;
PA128394595;PLCH1;GENE;PA33761;PRKCB;GENE;
PA128394595;PLCH1;GENE;PA33766;PRKCG;GENE;
PA128394595;PLCH1;GENE;PA33767;PRKCH;GENE;
PA128394595;PLCH1;GENE;PA33768;PRKCI;GENE;
PA128394595;PLCH1;GENE;PA33771;PRKD1;GENE;
PA128394595;PLCH1;GENE;PA33775;PRKCZ;GENE;
PA30196;KRAS;GENE;PA24928;ARAF;GENE;
PA30196;KRAS;GENE;PA25408;BRAF;GENE;
PA30196;KRAS;GENE;PA26880;CRK;GENE;
PA30196;KRAS;GENE;PA28127;FGFR1;GENE;
PA30196;KRAS;GENE;PA28180;FLT1;GENE;
PA30196;KRAS;GENE;PA28181;FLT3;GENE;
PA30196;KRAS;GENE;PA28183;FLT4;GENE;
PA30196;KRAS;GENE;PA30086;KDR;GENE;
PA30196;KRAS;GENE;PA30128;KIT;GENE;
PA30196;KRAS;GENE;PA30592;MAP3K1;GENE;
PA30196;KRAS;GENE;PA33148;PDGFRB;GENE;
PA30196;KRAS;GENE;PA34183;RAF1;GENE;
PA30196;KRAS;GENE;PA34335;RET;GENE;
PA30196;KRAS;GENE;PA7360;EGFR;GENE;
PA28129;FGFR3;GENE;PA26880;CRK;GENE;
PA28129;FGFR3;GENE;PA28115;FGF2;GENE;
PA28129;FGFR3;GENE;PA33304;PIK3C2A;GENE;
PA28129;FGFR3;GENE;PA33305;PIK3C2B;GENE;
PA37303;VEGFB;GENE;PA28180;FLT1;GENE;
PA37303;VEGFB;GENE;PA30086;KDR;GENE;
PA37303;VEGFB;GENE;PA31783;NRP1;GENE;
PA35933;SLC9A4;GENE;PA27745;ELF2;GENE;
PA164741137;ADCY3;GENE;PA172;GNAI1;GENE;
PA164741137;ADCY3;GENE;PA173;GNAI3;GENE;
PA164741137;ADCY3;GENE;PA175;GNAS;GENE;
PA164741137;ADCY3;GENE;PA176;GNB3;GENE;
PA164741137;ADCY3;GENE;PA24347;GNAI2;GENE;
PA33285;PIAS1;GENE;PA36183;STAT1;GENE;
PA29557;HTR4;GENE;PA175;GNAS;GENE;
PA33753;PRKAG3;GENE;PA134983031;GPAM;GENE;
PA33753;PRKAG3;GENE;PA142672073;CRTC2;GENE;
PA33753;PRKAG3;GENE;PA189;HMGCR;GENE;
PA33753;PRKAG3;GENE;PA24421;ACACA;GENE;
PA33753;PRKAG3;GENE;PA24422;ACACB;GENE;
PA33753;PRKAG3;GENE;PA30861;MLYCD;GENE;
PA33753;PRKAG3;GENE;PA335;SREBF1;GENE;
PA33753;PRKAG3;GENE;PA35879;SLC2A4;GENE;
PA33753;PRKAG3;GENE;PA36198;STK11;GENE;
PA33753;PRKAG3;GENE;PA37353;MLXIPL;GENE;
PA33753;PRKAG3;GENE;PA37935;SIRT1;GENE;
PA33753;PRKAG3;GENE;PA61;ATM;GENE;
PA110;CHEK1;GENE;PA61;ATM;GENE;
PA110;CHEK1;GENE;PA74;ATR;GENE;
PA110;CHEK1;GENE;PA95;CCNB1;GENE;
PA24347;GNAI2;GENE;PA134971947;P2RY12;GENE;
PA24347;GNAI2;GENE;PA164741137;ADCY3;GENE;
PA24347;GNAI2;GENE;PA192;HTR1A;GENE;
PA24347;GNAI2;GENE;PA24560;ADCY1;GENE;
PA24347;GNAI2;GENE;PA24561;ADCY2;GENE;
PA24347;GNAI2;GENE;PA24562;ADCY4;GENE;
PA24347;GNAI2;GENE;PA24563;ADCY5;GENE;
PA24347;GNAI2;GENE;PA27;ADCY6;GENE;
PA24347;GNAI2;GENE;PA28;ADCY7;GENE;
PA24347;GNAI2;GENE;PA29;ADCY8;GENE;
PA24347;GNAI2;GENE;PA29549;HTR1B;GENE;
PA24347;GNAI2;GENE;PA29550;HTR1D;GENE;
PA24347;GNAI2;GENE;PA29552;HTR1E;GENE;
PA24347;GNAI2;GENE;PA29553;HTR1F;GENE;
PA24347;GNAI2;GENE;PA30;ADCY9;GENE;
PA24347;GNAI2;GENE;PA34361;RGS1;GENE;
PA24347;GNAI2;GENE;PA39;ADRB2;GENE;
PA33609;PPP1CA;GENE;PA33639;PPP1R1B;GENE;
PA27847;ERBB4;GENE;PA29988;JAK1;GENE;
PA27847;ERBB4;GENE;PA33308;PIK3CA;GENE;
PA27847;ERBB4;GENE;PA33309;PIK3CB;GENE;
PA27847;ERBB4;GENE;PA33310;PIK3CD;GENE;
PA27847;ERBB4;GENE;PA33311;PIK3CG;GENE;
PA27847;ERBB4;GENE;PA33312;PIK3R1;GENE;
PA27847;ERBB4;GENE;PA33313;PIK3R2;GENE;
PA27847;ERBB4;GENE;PA33314;PIK3R3;GENE;
PA27847;ERBB4;GENE;PA33392;PLCG1;GENE;
PA27847;ERBB4;GENE;PA33393;PLCG2;GENE;
PA125;CYP2C8;GENE;PA378;NR1I2;GENE;
PA33663;PPP2CA;GENE;PA62;ATP1A1;GENE;
PA33776;PRKDC;GENE;PA29116;H2AFX;GENE;
PA33678;PPP3CA;GENE;PA248;NFKB1;GENE;
PA33678;PPP3CA;GENE;PA296;RELA;GENE;
PA33678;PPP3CA;GENE;PA31582;NFATC1;GENE;
PA33678;PPP3CA;GENE;PA31583;NFATC2;GENE;
PA33678;PPP3CA;GENE;PA31584;NFATC4;GENE;
PA33678;PPP3CA;GENE;PA31600;NFKB2;GENE;
PA33678;PPP3CA;GENE;PA34321;REL;GENE;
PA33678;PPP3CA;GENE;PA34322;RELB;GENE;
PA29932;ISL1;GENE;PA24684;AKT1;GENE;
PA33310;PIK3CD;GENE;PA24684;AKT1;GENE;
PA33310;PIK3CD;GENE;PA27844;ERBB2;GENE;
PA33310;PIK3CD;GENE;PA27846;ERBB3;GENE;
PA33310;PIK3CD;GENE;PA27847;ERBB4;GENE;
PA33310;PIK3CD;GENE;PA28180;FLT1;GENE;
PA33310;PIK3CD;GENE;PA28183;FLT4;GENE;
PA33310;PIK3CD;GENE;PA30086;KDR;GENE;
PA33310;PIK3CD;GENE;PA7360;EGFR;GENE;
PA30534;MAF;GENE;PA283;MAPK8;GENE;
PA30534;MAF;GENE;PA30621;MAPK14;GENE;
PA134911659;BSND;GENE;PA26553;CLCNKA;GENE;
PA134911659;BSND;GENE;PA26554;CLCNKB;GENE;
PA33752;PRKAG2;GENE;PA134983031;GPAM;GENE;
PA33752;PRKAG2;GENE;PA142672073;CRTC2;GENE;
PA33752;PRKAG2;GENE;PA189;HMGCR;GENE;
PA33752;PRKAG2;GENE;PA24421;ACACA;GENE;
PA33752;PRKAG2;GENE;PA24422;ACACB;GENE;
PA33752;PRKAG2;GENE;PA30861;MLYCD;GENE;
PA33752;PRKAG2;GENE;PA335;SREBF1;GENE;
PA33752;PRKAG2;GENE;PA35879;SLC2A4;GENE;
PA33752;PRKAG2;GENE;PA36198;STK11;GENE;
PA33752;PRKAG2;GENE;PA37353;MLXIPL;GENE;
PA33752;PRKAG2;GENE;PA37935;SIRT1;GENE;
PA33752;PRKAG2;GENE;PA61;ATM;GENE;
PA33750;PRKACG;GENE;PA26008;CACNA1B;GENE;
PA33750;PRKACG;GENE;PA30616;MAPK1;GENE;
PA33750;PRKACG;GENE;PA59;ARRB1;GENE;
PA33750;PRKACG;GENE;PA60;ARRB2;GENE;
PA33750;PRKACG;GENE;PA83;CACNA1C;GENE;
PA33750;PRKACG;GENE;PA84;CACNA1D;GENE;
PA33750;PRKACG;GENE;PA85;CACNA1S;GENE;
PA337;STAT3;GENE;PA134992438;CAMK1D;GENE;
PA337;STAT3;GENE;PA24684;AKT1;GENE;
PA337;STAT3;GENE;PA24685;AKT2;GENE;
PA337;STAT3;GENE;PA24686;AKT3;GENE;
PA337;STAT3;GENE;PA248;NFKB1;GENE;
PA337;STAT3;GENE;PA26048;CAMK1;GENE;
PA337;STAT3;GENE;PA26049;CAMK1G;GENE;
PA337;STAT3;GENE;PA27749;ELK1;GENE;
PA337;STAT3;GENE;PA28212;FOS;GENE;
PA337;STAT3;GENE;PA283;MAPK8;GENE;
PA337;STAT3;GENE;PA296;RELA;GENE;
PA337;STAT3;GENE;PA29988;JAK1;GENE;
PA337;STAT3;GENE;PA30006;JUN;GENE;
PA337;STAT3;GENE;PA30616;MAPK1;GENE;
PA337;STAT3;GENE;PA30622;MAPK3;GENE;
PA337;STAT3;GENE;PA31353;MYC;GENE;
PA337;STAT3;GENE;PA31600;NFKB2;GENE;
PA337;STAT3;GENE;PA33759;PRKCA;GENE;
PA337;STAT3;GENE;PA33761;PRKCB;GENE;
PA337;STAT3;GENE;PA33766;PRKCG;GENE;
PA337;STAT3;GENE;PA338;STAT5A;GENE;
PA337;STAT3;GENE;PA36042;SP1;GENE;
PA337;STAT3;GENE;PA36183;STAT1;GENE;
PA337;STAT3;GENE;PA36184;STAT2;GENE;
PA337;STAT3;GENE;PA36185;STAT4;GENE;
PA337;STAT3;GENE;PA36186;STAT5B;GENE;
PA337;STAT3;GENE;PA90;CAMK2A;GENE;
PA337;STAT3;GENE;PA91;CAMK2B;GENE;
PA337;STAT3;GENE;PA92;CAMK2D;GENE;
PA337;STAT3;GENE;PA93;CAMK2G;GENE;
PA33639;PPP1R1B;GENE;PA26310;CDK5;GENE;
PA33639;PPP1R1B;GENE;PA33609;PPP1CA;GENE;
PA33639;PPP1R1B;GENE;PA33748;PRKACA;GENE;
PA33773;PRKCQ;GENE;PA33392;PLCG1;GENE;
PA33773;PRKCQ;GENE;PA33393;PLCG2;GENE;
PA33773;PRKCQ;GENE;PA34183;RAF1;GENE;
PA33773;PRKCQ;GENE;PA39;ADRB2;GENE;
PA33387;PLCB4;GENE;PA134864200;GNB4;GENE;
PA33387;PLCB4;GENE;PA174;GNAQ;GENE;
PA33387;PLCB4;GENE;PA176;GNB3;GENE;
PA33387;PLCB4;GENE;PA26097;CASR;GENE;
PA33387;PLCB4;GENE;PA28776;GNB1;GENE;
PA33387;PLCB4;GENE;PA28777;GNB1L;GENE;
PA33387;PLCB4;GENE;PA28778;GNB2;GENE;
PA33387;PLCB4;GENE;PA28784;GNG2;GENE;
PA33387;PLCB4;GENE;PA28785;GNG3;GENE;
PA33387;PLCB4;GENE;PA28786;GNG4;GENE;
PA33387;PLCB4;GENE;PA28787;GNG5;GENE;
PA33387;PLCB4;GENE;PA28789;GNG7;GENE;
PA33387;PLCB4;GENE;PA33759;PRKCA;GENE;
PA33387;PLCB4;GENE;PA33761;PRKCB;GENE;
PA33387;PLCB4;GENE;PA33766;PRKCG;GENE;
PA33387;PLCB4;GENE;PA33767;PRKCH;GENE;
PA33387;PLCB4;GENE;PA33768;PRKCI;GENE;
PA33387;PLCB4;GENE;PA33771;PRKD1;GENE;
PA33387;PLCB4;GENE;PA33775;PRKCZ;GENE;
PA33387;PLCB4;GENE;PA39;ADRB2;GENE;
PA28127;FGFR1;GENE;PA26880;CRK;GENE;
PA28127;FGFR1;GENE;PA28115;FGF2;GENE;
PA28127;FGFR1;GENE;PA29444;HRAS;GENE;
PA28127;FGFR1;GENE;PA30196;KRAS;GENE;
PA28127;FGFR1;GENE;PA31768;NRAS;GENE;
PA28127;FGFR1;GENE;PA33304;PIK3C2A;GENE;
PA28127;FGFR1;GENE;PA33305;PIK3C2B;GENE;
PA37935;SIRT1;GENE;PA142672073;CRTC2;GENE;
PA37935;SIRT1;GENE;PA335;SREBF1;GENE;
PA37935;SIRT1;GENE;PA33558;PPARGC1A;GENE;
PA37935;SIRT1;GENE;PA33744;PRKAA1;GENE;
PA37935;SIRT1;GENE;PA33745;PRKAA2;GENE;
PA37935;SIRT1;GENE;PA33746;PRKAB1;GENE;
PA37935;SIRT1;GENE;PA33747;PRKAB2;GENE;
PA37935;SIRT1;GENE;PA33751;PRKAG1;GENE;
PA37935;SIRT1;GENE;PA33752;PRKAG2;GENE;
PA37935;SIRT1;GENE;PA33753;PRKAG3;GENE;
PA29116;H2AFX;GENE;PA33776;PRKDC;GENE;
PA29116;H2AFX;GENE;PA37423;XRCC4;GENE;
PA30591;MAP2K6;GENE;PA283;MAPK8;GENE;
PA30591;MAP2K6;GENE;PA30594;MAP3K11;GENE;
PA30591;MAP2K6;GENE;PA30603;MAP3K7;GENE;
PA30591;MAP2K6;GENE;PA30616;MAPK1;GENE;
PA30591;MAP2K6;GENE;PA30617;MAPK10;GENE;
PA30591;MAP2K6;GENE;PA30618;MAPK11;GENE;
PA30591;MAP2K6;GENE;PA30619;MAPK12;GENE;
PA30591;MAP2K6;GENE;PA30620;MAPK13;GENE;
PA30591;MAP2K6;GENE;PA30621;MAPK14;GENE;
PA30591;MAP2K6;GENE;PA30622;MAPK3;GENE;
PA30591;MAP2K6;GENE;PA30623;MAPK4;GENE;
PA30591;MAP2K6;GENE;PA30624;MAPK6;GENE;
PA30591;MAP2K6;GENE;PA30625;MAPK7;GENE;
PA30591;MAP2K6;GENE;PA30630;MAPK9;GENE;
PA30591;MAP2K6;GENE;PA34183;RAF1;GENE;
PA142672073;CRTC2;GENE;PA33744;PRKAA1;GENE;
PA142672073;CRTC2;GENE;PA33745;PRKAA2;GENE;
PA142672073;CRTC2;GENE;PA33746;PRKAB1;GENE;
PA142672073;CRTC2;GENE;PA33747;PRKAB2;GENE;
PA142672073;CRTC2;GENE;PA33751;PRKAG1;GENE;
PA142672073;CRTC2;GENE;PA33752;PRKAG2;GENE;
PA142672073;CRTC2;GENE;PA33753;PRKAG3;GENE;
PA142672073;CRTC2;GENE;PA37935;SIRT1;GENE;
PA29391;HOXB4;GENE;PA30128;KIT;GENE;
PA258;NPY1R;GENE;PA255;NPY;GENE;
PA258;NPY1R;GENE;PA34090;PYY;GENE;
PA30590;MAP2K5;GENE;PA283;MAPK8;GENE;
PA30590;MAP2K5;GENE;PA30616;MAPK1;GENE;
PA30590;MAP2K5;GENE;PA30617;MAPK10;GENE;
PA30590;MAP2K5;GENE;PA30618;MAPK11;GENE;
PA30590;MAP2K5;GENE;PA30619;MAPK12;GENE;
PA30590;MAP2K5;GENE;PA30620;MAPK13;GENE;
PA30590;MAP2K5;GENE;PA30621;MAPK14;GENE;
PA30590;MAP2K5;GENE;PA30622;MAPK3;GENE;
PA30590;MAP2K5;GENE;PA30623;MAPK4;GENE;
PA30590;MAP2K5;GENE;PA30624;MAPK6;GENE;
PA30590;MAP2K5;GENE;PA30625;MAPK7;GENE;
PA30590;MAP2K5;GENE;PA30630;MAPK9;GENE;
PA30590;MAP2K5;GENE;PA34183;RAF1;GENE;
PA35879;SLC2A4;GENE;PA33744;PRKAA1;GENE;
PA35879;SLC2A4;GENE;PA33745;PRKAA2;GENE;
PA35879;SLC2A4;GENE;PA33746;PRKAB1;GENE;
PA35879;SLC2A4;GENE;PA33747;PRKAB2;GENE;
PA35879;SLC2A4;GENE;PA33751;PRKAG1;GENE;
PA35879;SLC2A4;GENE;PA33752;PRKAG2;GENE;
PA35879;SLC2A4;GENE;PA33753;PRKAG3;GENE;
PA24380;ABCA5;GENE;PA31712;NPM1;GENE;
PA162390165;GPR182;GENE;PA24580;ADM;GENE;
PA29550;HTR1D;GENE;PA172;GNAI1;GENE;
PA29550;HTR1D;GENE;PA173;GNAI3;GENE;
PA29550;HTR1D;GENE;PA24347;GNAI2;GENE;
PA31353;MYC;GENE;PA134992438;CAMK1D;GENE;
PA31353;MYC;GENE;PA24684;AKT1;GENE;
PA31353;MYC;GENE;PA24685;AKT2;GENE;
PA31353;MYC;GENE;PA24686;AKT3;GENE;
PA31353;MYC;GENE;PA26048;CAMK1;GENE;
PA31353;MYC;GENE;PA26049;CAMK1G;GENE;
PA31353;MYC;GENE;PA283;MAPK8;GENE;
PA31353;MYC;GENE;PA30616;MAPK1;GENE;
PA31353;MYC;GENE;PA30622;MAPK3;GENE;
PA31353;MYC;GENE;PA337;STAT3;GENE;
PA31353;MYC;GENE;PA33759;PRKCA;GENE;
PA31353;MYC;GENE;PA33761;PRKCB;GENE;
PA31353;MYC;GENE;PA33766;PRKCG;GENE;
PA31353;MYC;GENE;PA338;STAT5A;GENE;
PA31353;MYC;GENE;PA36183;STAT1;GENE;
PA31353;MYC;GENE;PA36184;STAT2;GENE;
PA31353;MYC;GENE;PA36185;STAT4;GENE;
PA31353;MYC;GENE;PA36186;STAT5B;GENE;
PA31353;MYC;GENE;PA90;CAMK2A;GENE;
PA31353;MYC;GENE;PA91;CAMK2B;GENE;
PA31353;MYC;GENE;PA92;CAMK2D;GENE;
PA31353;MYC;GENE;PA93;CAMK2G;GENE;
PA31584;NFATC4;GENE;PA33678;PPP3CA;GENE;
PA31584;NFATC4;GENE;PA33679;PPP3CB;GENE;
PA31584;NFATC4;GENE;PA33680;PPP3CC;GENE;
PA31584;NFATC4;GENE;PA33681;PPP3R1;GENE;
PA31584;NFATC4;GENE;PA33682;PPP3R2;GENE;
PA28180;FLT1;GENE;PA29444;HRAS;GENE;
PA28180;FLT1;GENE;PA30196;KRAS;GENE;
PA28180;FLT1;GENE;PA31768;NRAS;GENE;
PA28180;FLT1;GENE;PA33304;PIK3C2A;GENE;
PA28180;FLT1;GENE;PA33305;PIK3C2B;GENE;
PA28180;FLT1;GENE;PA33308;PIK3CA;GENE;
PA28180;FLT1;GENE;PA33309;PIK3CB;GENE;
PA28180;FLT1;GENE;PA33310;PIK3CD;GENE;
PA28180;FLT1;GENE;PA33311;PIK3CG;GENE;
PA28180;FLT1;GENE;PA33312;PIK3R1;GENE;
PA28180;FLT1;GENE;PA33313;PIK3R2;GENE;
PA28180;FLT1;GENE;PA33314;PIK3R3;GENE;
PA28180;FLT1;GENE;PA37302;VEGFA;GENE;
PA28180;FLT1;GENE;PA37303;VEGFB;GENE;
PA28180;FLT1;GENE;PA37304;VEGFC;GENE;
PA30617;MAPK10;GENE;PA284;MAP2K7;GENE;
PA30617;MAPK10;GENE;PA30584;MAP2K1;GENE;
PA30617;MAPK10;GENE;PA30587;MAP2K2;GENE;
PA30617;MAPK10;GENE;PA30588;MAP2K3;GENE;
PA30617;MAPK10;GENE;PA30589;MAP2K4;GENE;
PA30617;MAPK10;GENE;PA30590;MAP2K5;GENE;
PA30617;MAPK10;GENE;PA30591;MAP2K6;GENE;
PA29921;IRF7;GENE;PA164722208;MAVS;GENE;
PA291;PTGIR;GENE;PA175;GNAS;GENE;
PA30538;MAFF;GENE;PA283;MAPK8;GENE;
PA30538;MAFF;GENE;PA30621;MAPK14;GENE;
PA33745;PRKAA2;GENE;PA134983031;GPAM;GENE;
PA33745;PRKAA2;GENE;PA142672073;CRTC2;GENE;
PA33745;PRKAA2;GENE;PA189;HMGCR;GENE;
PA33745;PRKAA2;GENE;PA24421;ACACA;GENE;
PA33745;PRKAA2;GENE;PA24422;ACACB;GENE;
PA33745;PRKAA2;GENE;PA30861;MLYCD;GENE;
PA33745;PRKAA2;GENE;PA335;SREBF1;GENE;
PA33745;PRKAA2;GENE;PA35879;SLC2A4;GENE;
PA33745;PRKAA2;GENE;PA36198;STK11;GENE;
PA33745;PRKAA2;GENE;PA37353;MLXIPL;GENE;
PA33745;PRKAA2;GENE;PA37935;SIRT1;GENE;
PA33745;PRKAA2;GENE;PA61;ATM;GENE;
PA33745;PRKAA2;GENE;PA62;ATP1A1;GENE;
PA26717;COL4A1;GENE;PA179;GP1BB;GENE;
PA26717;COL4A1;GENE;PA204;ITGA2;GENE;
PA26717;COL4A1;GENE;PA26212;CD36;GENE;
PA26717;COL4A1;GENE;PA28823;GP5;GENE;
PA26717;COL4A1;GENE;PA28824;GP6;GENE;
PA26717;COL4A1;GENE;PA28825;GP9;GENE;
PA26097;CASR;GENE;PA128394595;PLCH1;GENE;
PA26097;CASR;GENE;PA134875646;PLCZ1;GENE;
PA26097;CASR;GENE;PA134914471;PLCH2;GENE;
PA26097;CASR;GENE;PA33384;PLCB1;GENE;
PA26097;CASR;GENE;PA33385;PLCB2;GENE;
PA26097;CASR;GENE;PA33386;PLCB3;GENE;
PA26097;CASR;GENE;PA33387;PLCB4;GENE;
PA26097;CASR;GENE;PA33388;PLCD1;GENE;
PA26097;CASR;GENE;PA33389;PLCD3;GENE;
PA26097;CASR;GENE;PA33390;PLCD4;GENE;
PA26097;CASR;GENE;PA33391;PLCE1;GENE;
PA26097;CASR;GENE;PA33392;PLCG1;GENE;
PA26097;CASR;GENE;PA33393;PLCG2;GENE;
PA26097;CASR;GENE;PA33394;PLCL1;GENE;
PA26097;CASR;GENE;PA33395;PLCL2;GENE;
PA26087;CASP3;GENE;PA26094;CASP9;GENE;
PA26087;CASP3;GENE;PA95;CCNB1;GENE;
PA35746;SHC1;GENE;PA30592;MAP3K1;GENE;
PA35746;SHC1;GENE;PA34183;RAF1;GENE;
PA35746;SHC1;GENE;PA7360;EGFR;GENE;
PA404;CHEK2;GENE;PA61;ATM;GENE;
PA404;CHEK2;GENE;PA74;ATR;GENE;
PA404;CHEK2;GENE;PA95;CCNB1;GENE;
PA52;APOC2;GENE;PA164742099;MTTP;GENE;
PA284;MAP2K7;GENE;PA283;MAPK8;GENE;
PA284;MAP2K7;GENE;PA30592;MAP3K1;GENE;
PA284;MAP2K7;GENE;PA30616;MAPK1;GENE;
PA284;MAP2K7;GENE;PA30617;MAPK10;GENE;
PA284;MAP2K7;GENE;PA30618;MAPK11;GENE;
PA284;MAP2K7;GENE;PA30619;MAPK12;GENE;
PA284;MAP2K7;GENE;PA30620;MAPK13;GENE;
PA284;MAP2K7;GENE;PA30621;MAPK14;GENE;
PA284;MAP2K7;GENE;PA30622;MAPK3;GENE;
PA284;MAP2K7;GENE;PA30623;MAPK4;GENE;
PA284;MAP2K7;GENE;PA30624;MAPK6;GENE;
PA284;MAP2K7;GENE;PA30625;MAPK7;GENE;
PA284;MAP2K7;GENE;PA30630;MAPK9;GENE;
PA284;MAP2K7;GENE;PA34183;RAF1;GENE;
PA29917;IRF3;GENE;PA164722208;MAVS;GENE;
PA27769;EML4;GENE;PA24719;ALK;GENE;
PA162403013;SGK1;GENE;PA31534;NEDD4L;GENE;
PA28823;GP5;GENE;PA26716;COL3A1;GENE;
PA28823;GP5;GENE;PA26717;COL4A1;GENE;
PA28823;GP5;GENE;PA26718;COL4A2;GENE;
PA28823;GP5;GENE;PA33384;PLCB1;GENE;
PA28823;GP5;GENE;PA33393;PLCG2;GENE;
PA28823;GP5;GENE;PA35041;COL1A1;GENE;
PA28823;GP5;GENE;PA35042;COL1A2;GENE;
PA24888;APOA5;GENE;PA164742099;MTTP;GENE;
PA33763;PRKCD;GENE;PA33392;PLCG1;GENE;
PA33763;PRKCD;GENE;PA33393;PLCG2;GENE;
PA33763;PRKCD;GENE;PA34183;RAF1;GENE;
PA33763;PRKCD;GENE;PA39;ADRB2;GENE;
PA335;SREBF1;GENE;PA33744;PRKAA1;GENE;
PA335;SREBF1;GENE;PA33745;PRKAA2;GENE;
PA335;SREBF1;GENE;PA33746;PRKAB1;GENE;
PA335;SREBF1;GENE;PA33747;PRKAB2;GENE;
PA335;SREBF1;GENE;PA33751;PRKAG1;GENE;
PA335;SREBF1;GENE;PA33752;PRKAG2;GENE;
PA335;SREBF1;GENE;PA33753;PRKAG3;GENE;
PA335;SREBF1;GENE;PA37935;SIRT1;GENE;
PA28215;FOSL2;GENE;PA283;MAPK8;GENE;
PA28215;FOSL2;GENE;PA30621;MAPK14;GENE;
PA85;CACNA1S;GENE;PA33748;PRKACA;GENE;
PA85;CACNA1S;GENE;PA33749;PRKACB;GENE;
PA85;CACNA1S;GENE;PA33750;PRKACG;GENE;
PA28766;GNA13;GENE;PA27946;F2R;GENE;
PA28766;GNA13;GENE;PA27949;F2RL3;GENE;
PA28766;GNA13;GENE;PA32868;P2RY1;GENE;
PA28766;GNA13;GENE;PA33384;PLCB1;GENE;
PA28766;GNA13;GENE;PA33393;PLCG2;GENE;
PA28766;GNA13;GENE;PA348;TBXA2R;GENE;
PA35042;COL1A2;GENE;PA179;GP1BB;GENE;
PA35042;COL1A2;GENE;PA204;ITGA2;GENE;
PA35042;COL1A2;GENE;PA26212;CD36;GENE;
PA35042;COL1A2;GENE;PA28823;GP5;GENE;
PA35042;COL1A2;GENE;PA28824;GP6;GENE;
PA35042;COL1A2;GENE;PA28825;GP9;GENE;
PA24928;ARAF;GENE;PA29444;HRAS;GENE;
PA24928;ARAF;GENE;PA30196;KRAS;GENE;
PA24928;ARAF;GENE;PA30584;MAP2K1;GENE;
PA24928;ARAF;GENE;PA30587;MAP2K2;GENE;
PA24928;ARAF;GENE;PA30932;MRAS;GENE;
PA24928;ARAF;GENE;PA31768;NRAS;GENE;
PA24928;ARAF;GENE;PA34861;RRAS;GENE;
PA134864200;GNB4;GENE;PA33384;PLCB1;GENE;
PA134864200;GNB4;GENE;PA33385;PLCB2;GENE;
PA134864200;GNB4;GENE;PA33386;PLCB3;GENE;
PA134864200;GNB4;GENE;PA33387;PLCB4;GENE;
PA425;ACE2;GENE;PA139;ACE;GENE;
PA24685;AKT2;GENE;PA248;NFKB1;GENE;
PA24685;AKT2;GENE;PA254;NOS3;GENE;
PA24685;AKT2;GENE;PA27749;ELK1;GENE;
PA24685;AKT2;GENE;PA28212;FOS;GENE;
PA24685;AKT2;GENE;PA296;RELA;GENE;
PA24685;AKT2;GENE;PA30006;JUN;GENE;
PA24685;AKT2;GENE;PA31353;MYC;GENE;
PA24685;AKT2;GENE;PA31600;NFKB2;GENE;
PA24685;AKT2;GENE;PA33304;PIK3C2A;GENE;
PA24685;AKT2;GENE;PA33305;PIK3C2B;GENE;
PA24685;AKT2;GENE;PA337;STAT3;GENE;
PA24685;AKT2;GENE;PA338;STAT5A;GENE;
PA24685;AKT2;GENE;PA36042;SP1;GENE;
PA24685;AKT2;GENE;PA36183;STAT1;GENE;
PA24685;AKT2;GENE;PA36184;STAT2;GENE;
PA24685;AKT2;GENE;PA36185;STAT4;GENE;
PA24685;AKT2;GENE;PA36186;STAT5B;GENE;
PA33767;PRKCH;GENE;PA128394595;PLCH1;GENE;
PA33767;PRKCH;GENE;PA134875646;PLCZ1;GENE;
PA33767;PRKCH;GENE;PA134914471;PLCH2;GENE;
PA33767;PRKCH;GENE;PA33384;PLCB1;GENE;
PA33767;PRKCH;GENE;PA33385;PLCB2;GENE;
PA33767;PRKCH;GENE;PA33386;PLCB3;GENE;
PA33767;PRKCH;GENE;PA33387;PLCB4;GENE;
PA33767;PRKCH;GENE;PA33388;PLCD1;GENE;
PA33767;PRKCH;GENE;PA33389;PLCD3;GENE;
PA33767;PRKCH;GENE;PA33390;PLCD4;GENE;
PA33767;PRKCH;GENE;PA33391;PLCE1;GENE;
PA33767;PRKCH;GENE;PA33392;PLCG1;GENE;
PA33767;PRKCH;GENE;PA33393;PLCG2;GENE;
PA33767;PRKCH;GENE;PA33394;PLCL1;GENE;
PA33767;PRKCH;GENE;PA33395;PLCL2;GENE;
PA33767;PRKCH;GENE;PA34183;RAF1;GENE;
PA33767;PRKCH;GENE;PA39;ADRB2;GENE;
PA27133;DAB2IP;GENE;PA27939;EZH2;GENE;
PA189;HMGCR;GENE;PA33744;PRKAA1;GENE;
PA189;HMGCR;GENE;PA33745;PRKAA2;GENE;
PA189;HMGCR;GENE;PA33746;PRKAB1;GENE;
PA189;HMGCR;GENE;PA33747;PRKAB2;GENE;
PA189;HMGCR;GENE;PA33751;PRKAG1;GENE;
PA189;HMGCR;GENE;PA33752;PRKAG2;GENE;
PA189;HMGCR;GENE;PA33753;PRKAG3;GENE;
PA283;MAPK8;GENE;PA134963361;MAFA;GENE;
PA283;MAPK8;GENE;PA162392499;JDP2;GENE;
PA283;MAPK8;GENE;PA248;NFKB1;GENE;
PA283;MAPK8;GENE;PA25084;ATF2;GENE;
PA283;MAPK8;GENE;PA25085;ATF3;GENE;
PA283;MAPK8;GENE;PA25268;BATF;GENE;
PA283;MAPK8;GENE;PA27749;ELK1;GENE;
PA283;MAPK8;GENE;PA28212;FOS;GENE;
PA283;MAPK8;GENE;PA28213;FOSB;GENE;
PA283;MAPK8;GENE;PA28214;FOSL1;GENE;
PA283;MAPK8;GENE;PA28215;FOSL2;GENE;
PA283;MAPK8;GENE;PA284;MAP2K7;GENE;
PA283;MAPK8;GENE;PA296;RELA;GENE;
PA283;MAPK8;GENE;PA30006;JUN;GENE;
PA283;MAPK8;GENE;PA30007;JUNB;GENE;
PA283;MAPK8;GENE;PA30008;JUND;GENE;
PA283;MAPK8;GENE;PA30534;MAF;GENE;
PA283;MAPK8;GENE;PA30535;MAFB;GENE;
PA283;MAPK8;GENE;PA30538;MAFF;GENE;
PA283;MAPK8;GENE;PA30539;MAFG;GENE;
PA283;MAPK8;GENE;PA30540;MAFK;GENE;
PA283;MAPK8;GENE;PA30584;MAP2K1;GENE;
PA283;MAPK8;GENE;PA30587;MAP2K2;GENE;
PA283;MAPK8;GENE;PA30588;MAP2K3;GENE;
PA283;MAPK8;GENE;PA30589;MAP2K4;GENE;
PA283;MAPK8;GENE;PA30590;MAP2K5;GENE;
PA283;MAPK8;GENE;PA30591;MAP2K6;GENE;
PA283;MAPK8;GENE;PA31353;MYC;GENE;
PA283;MAPK8;GENE;PA31600;NFKB2;GENE;
PA283;MAPK8;GENE;PA31781;NRL;GENE;
PA283;MAPK8;GENE;PA337;STAT3;GENE;
PA283;MAPK8;GENE;PA338;STAT5A;GENE;
PA283;MAPK8;GENE;PA36042;SP1;GENE;
PA283;MAPK8;GENE;PA36183;STAT1;GENE;
PA283;MAPK8;GENE;PA36184;STAT2;GENE;
PA283;MAPK8;GENE;PA36185;STAT4;GENE;
PA283;MAPK8;GENE;PA36186;STAT5B;GENE;
PA134890823;PIK3R5;GENE;PA24684;AKT1;GENE;
PA134890823;PIK3R5;GENE;PA24686;AKT3;GENE;
PA134890823;PIK3R5;GENE;PA29457;HRH2;GENE;
PA28764;GNA11;GENE;PA27946;F2R;GENE;
PA28764;GNA11;GENE;PA27949;F2RL3;GENE;
PA28764;GNA11;GENE;PA32868;P2RY1;GENE;
PA28764;GNA11;GENE;PA33384;PLCB1;GENE;
PA28764;GNA11;GENE;PA33393;PLCG2;GENE;
PA28764;GNA11;GENE;PA348;TBXA2R;GENE;
PA134992438;CAMK1D;GENE;PA248;NFKB1;GENE;
PA134992438;CAMK1D;GENE;PA27749;ELK1;GENE;
PA134992438;CAMK1D;GENE;PA28212;FOS;GENE;
PA134992438;CAMK1D;GENE;PA296;RELA;GENE;
PA134992438;CAMK1D;GENE;PA30006;JUN;GENE;
PA134992438;CAMK1D;GENE;PA31353;MYC;GENE;
PA134992438;CAMK1D;GENE;PA31600;NFKB2;GENE;
PA134992438;CAMK1D;GENE;PA337;STAT3;GENE;
PA134992438;CAMK1D;GENE;PA338;STAT5A;GENE;
PA134992438;CAMK1D;GENE;PA36042;SP1;GENE;
PA134992438;CAMK1D;GENE;PA36183;STAT1;GENE;
PA134992438;CAMK1D;GENE;PA36184;STAT2;GENE;
PA134992438;CAMK1D;GENE;PA36185;STAT4;GENE;
PA134992438;CAMK1D;GENE;PA36186;STAT5B;GENE;
PA28212;FOS;GENE;PA134992438;CAMK1D;GENE;
PA28212;FOS;GENE;PA24684;AKT1;GENE;
PA28212;FOS;GENE;PA24685;AKT2;GENE;
PA28212;FOS;GENE;PA24686;AKT3;GENE;
PA28212;FOS;GENE;PA26048;CAMK1;GENE;
PA28212;FOS;GENE;PA26049;CAMK1G;GENE;
PA28212;FOS;GENE;PA283;MAPK8;GENE;
PA28212;FOS;GENE;PA30616;MAPK1;GENE;
PA28212;FOS;GENE;PA30621;MAPK14;GENE;
PA28212;FOS;GENE;PA30622;MAPK3;GENE;
PA28212;FOS;GENE;PA337;STAT3;GENE;
PA28212;FOS;GENE;PA33759;PRKCA;GENE;
PA28212;FOS;GENE;PA33761;PRKCB;GENE;
PA28212;FOS;GENE;PA33766;PRKCG;GENE;
PA28212;FOS;GENE;PA338;STAT5A;GENE;
PA28212;FOS;GENE;PA36183;STAT1;GENE;
PA28212;FOS;GENE;PA36184;STAT2;GENE;
PA28212;FOS;GENE;PA36185;STAT4;GENE;
PA28212;FOS;GENE;PA36186;STAT5B;GENE;
PA28212;FOS;GENE;PA90;CAMK2A;GENE;
PA28212;FOS;GENE;PA91;CAMK2B;GENE;
PA28212;FOS;GENE;PA92;CAMK2D;GENE;
PA28212;FOS;GENE;PA93;CAMK2G;GENE;
PA33766;PRKCG;GENE;PA128394595;PLCH1;GENE;
PA33766;PRKCG;GENE;PA134875646;PLCZ1;GENE;
PA33766;PRKCG;GENE;PA134914471;PLCH2;GENE;
PA33766;PRKCG;GENE;PA248;NFKB1;GENE;
PA33766;PRKCG;GENE;PA27749;ELK1;GENE;
PA33766;PRKCG;GENE;PA28212;FOS;GENE;
PA33766;PRKCG;GENE;PA296;RELA;GENE;
PA33766;PRKCG;GENE;PA30006;JUN;GENE;
PA33766;PRKCG;GENE;PA31353;MYC;GENE;
PA33766;PRKCG;GENE;PA31600;NFKB2;GENE;
PA33766;PRKCG;GENE;PA33384;PLCB1;GENE;
PA33766;PRKCG;GENE;PA33385;PLCB2;GENE;
PA33766;PRKCG;GENE;PA33386;PLCB3;GENE;
PA33766;PRKCG;GENE;PA33387;PLCB4;GENE;
PA33766;PRKCG;GENE;PA33388;PLCD1;GENE;
PA33766;PRKCG;GENE;PA33389;PLCD3;GENE;
PA33766;PRKCG;GENE;PA33390;PLCD4;GENE;
PA33766;PRKCG;GENE;PA33391;PLCE1;GENE;
PA33766;PRKCG;GENE;PA33392;PLCG1;GENE;
PA33766;PRKCG;GENE;PA33393;PLCG2;GENE;
PA33766;PRKCG;GENE;PA33394;PLCL1;GENE;
PA33766;PRKCG;GENE;PA33395;PLCL2;GENE;
PA33766;PRKCG;GENE;PA337;STAT3;GENE;
PA33766;PRKCG;GENE;PA338;STAT5A;GENE;
PA33766;PRKCG;GENE;PA34183;RAF1;GENE;
PA33766;PRKCG;GENE;PA36042;SP1;GENE;
PA33766;PRKCG;GENE;PA36183;STAT1;GENE;
PA33766;PRKCG;GENE;PA36184;STAT2;GENE;
PA33766;PRKCG;GENE;PA36185;STAT4;GENE;
PA33766;PRKCG;GENE;PA36186;STAT5B;GENE;
PA33766;PRKCG;GENE;PA39;ADRB2;GENE;
PA37093;TXNRD1;GENE;PA37091;TXN;GENE;
PA35935;SLC9A6;GENE;PA27745;ELF2;GENE;
PA33309;PIK3CB;GENE;PA24684;AKT1;GENE;
PA33309;PIK3CB;GENE;PA27844;ERBB2;GENE;
PA33309;PIK3CB;GENE;PA27846;ERBB3;GENE;
PA33309;PIK3CB;GENE;PA27847;ERBB4;GENE;
PA33309;PIK3CB;GENE;PA28180;FLT1;GENE;
PA33309;PIK3CB;GENE;PA28183;FLT4;GENE;
PA33309;PIK3CB;GENE;PA30086;KDR;GENE;
PA33309;PIK3CB;GENE;PA7360;EGFR;GENE;
PA27949;F2RL3;GENE;PA157;F2;GENE;
PA27949;F2RL3;GENE;PA174;GNAQ;GENE;
PA27949;F2RL3;GENE;PA176;GNB3;GENE;
PA27949;F2RL3;GENE;PA28764;GNA11;GENE;
PA27949;F2RL3;GENE;PA28765;GNA12;GENE;
PA27949;F2RL3;GENE;PA28766;GNA13;GENE;
PA27949;F2RL3;GENE;PA28768;GNA15;GENE;
PA134971947;P2RY12;GENE;PA172;GNAI1;GENE;
PA134971947;P2RY12;GENE;PA173;GNAI3;GENE;
PA134971947;P2RY12;GENE;PA176;GNB3;GENE;
PA134971947;P2RY12;GENE;PA24347;GNAI2;GENE;
PA35934;SLC9A5;GENE;PA27745;ELF2;GENE;
PA134983031;GPAM;GENE;PA33744;PRKAA1;GENE;
PA134983031;GPAM;GENE;PA33745;PRKAA2;GENE;
PA134983031;GPAM;GENE;PA33746;PRKAB1;GENE;
PA134983031;GPAM;GENE;PA33747;PRKAB2;GENE;
PA134983031;GPAM;GENE;PA33751;PRKAG1;GENE;
PA134983031;GPAM;GENE;PA33752;PRKAG2;GENE;
PA134983031;GPAM;GENE;PA33753;PRKAG3;GENE;
PA61;ATM;GENE;PA110;CHEK1;GENE;
PA61;ATM;GENE;PA33744;PRKAA1;GENE;
PA61;ATM;GENE;PA33745;PRKAA2;GENE;
PA61;ATM;GENE;PA33746;PRKAB1;GENE;
PA61;ATM;GENE;PA33747;PRKAB2;GENE;
PA61;ATM;GENE;PA33751;PRKAG1;GENE;
PA61;ATM;GENE;PA33752;PRKAG2;GENE;
PA61;ATM;GENE;PA33753;PRKAG3;GENE;
PA61;ATM;GENE;PA404;CHEK2;GENE;
PA30616;MAPK1;GENE;PA248;NFKB1;GENE;
PA30616;MAPK1;GENE;PA27749;ELK1;GENE;
PA30616;MAPK1;GENE;PA27902;ETS1;GENE;
PA30616;MAPK1;GENE;PA28212;FOS;GENE;
PA30616;MAPK1;GENE;PA284;MAP2K7;GENE;
PA30616;MAPK1;GENE;PA296;RELA;GENE;
PA30616;MAPK1;GENE;PA30006;JUN;GENE;
PA30616;MAPK1;GENE;PA30584;MAP2K1;GENE;
PA30616;MAPK1;GENE;PA30587;MAP2K2;GENE;
PA30616;MAPK1;GENE;PA30588;MAP2K3;GENE;
PA30616;MAPK1;GENE;PA30589;MAP2K4;GENE;
PA30616;MAPK1;GENE;PA30590;MAP2K5;GENE;
PA30616;MAPK1;GENE;PA30591;MAP2K6;GENE;
PA30616;MAPK1;GENE;PA31353;MYC;GENE;
PA30616;MAPK1;GENE;PA31600;NFKB2;GENE;
PA30616;MAPK1;GENE;PA337;STAT3;GENE;
PA30616;MAPK1;GENE;PA33748;PRKACA;GENE;
PA30616;MAPK1;GENE;PA33749;PRKACB;GENE;
PA30616;MAPK1;GENE;PA33750;PRKACG;GENE;
PA30616;MAPK1;GENE;PA338;STAT5A;GENE;
PA30616;MAPK1;GENE;PA36042;SP1;GENE;
PA30616;MAPK1;GENE;PA36111;SRC;GENE;
PA30616;MAPK1;GENE;PA36183;STAT1;GENE;
PA30616;MAPK1;GENE;PA36184;STAT2;GENE;
PA30616;MAPK1;GENE;PA36185;STAT4;GENE;
PA30616;MAPK1;GENE;PA36186;STAT5B;GENE;
PA30616;MAPK1;GENE;PA40;GRK2;GENE;
PA30616;MAPK1;GENE;PA41;GRK3;GENE;
PA30616;MAPK1;GENE;PA59;ARRB1;GENE;
PA30616;MAPK1;GENE;PA60;ARRB2;GENE;
PA30616;MAPK1;GENE;PA62;ATP1A1;GENE;
PA35929;SLC9A2;GENE;PA27745;ELF2;GENE;
PA34861;RRAS;GENE;PA24928;ARAF;GENE;
PA34861;RRAS;GENE;PA25408;BRAF;GENE;
PA34861;RRAS;GENE;PA30592;MAP3K1;GENE;
PA34861;RRAS;GENE;PA34183;RAF1;GENE;
PA34861;RRAS;GENE;PA7360;EGFR;GENE;
PA26094;CASP9;GENE;PA134981636;CYCS;GENE;
PA26094;CASP9;GENE;PA26087;CASP3;GENE;
PA28778;GNB2;GENE;PA33384;PLCB1;GENE;
PA28778;GNB2;GENE;PA33385;PLCB2;GENE;
PA28778;GNB2;GENE;PA33386;PLCB3;GENE;
PA28778;GNB2;GENE;PA33387;PLCB4;GENE;
PA41;GRK3;GENE;PA30616;MAPK1;GENE;
PA41;GRK3;GENE;PA39;ADRB2;GENE;
PA41;GRK3;GENE;PA62;ATP1A1;GENE;
PA33305;PIK3C2B;GENE;PA134941638;FGFR1OP;GENE;
PA33305;PIK3C2B;GENE;PA134972108;FGFR1OP2;GENE;
PA33305;PIK3C2B;GENE;PA24684;AKT1;GENE;
PA33305;PIK3C2B;GENE;PA24685;AKT2;GENE;
PA33305;PIK3C2B;GENE;PA24686;AKT3;GENE;
PA33305;PIK3C2B;GENE;PA28127;FGFR1;GENE;
PA33305;PIK3C2B;GENE;PA28128;FGFR2;GENE;
PA33305;PIK3C2B;GENE;PA28129;FGFR3;GENE;
PA33305;PIK3C2B;GENE;PA28130;FGFR4;GENE;
PA33305;PIK3C2B;GENE;PA28131;FGFR3P1;GENE;
PA33305;PIK3C2B;GENE;PA28132;FGFRL1;GENE;
PA33305;PIK3C2B;GENE;PA28180;FLT1;GENE;
PA33305;PIK3C2B;GENE;PA28183;FLT4;GENE;
PA33305;PIK3C2B;GENE;PA29457;HRH2;GENE;
PA33305;PIK3C2B;GENE;PA30086;KDR;GENE;
PA30623;MAPK4;GENE;PA284;MAP2K7;GENE;
PA30623;MAPK4;GENE;PA30584;MAP2K1;GENE;
PA30623;MAPK4;GENE;PA30587;MAP2K2;GENE;
PA30623;MAPK4;GENE;PA30588;MAP2K3;GENE;
PA30623;MAPK4;GENE;PA30589;MAP2K4;GENE;
PA30623;MAPK4;GENE;PA30590;MAP2K5;GENE;
PA30623;MAPK4;GENE;PA30591;MAP2K6;GENE;
PA36111;SRC;GENE;PA30616;MAPK1;GENE;
PA36111;SRC;GENE;PA59;ARRB1;GENE;
PA36111;SRC;GENE;PA60;ARRB2;GENE;
PA36198;STK11;GENE;PA33744;PRKAA1;GENE;
PA36198;STK11;GENE;PA33745;PRKAA2;GENE;
PA36198;STK11;GENE;PA33746;PRKAB1;GENE;
PA36198;STK11;GENE;PA33747;PRKAB2;GENE;
PA36198;STK11;GENE;PA33751;PRKAG1;GENE;
PA36198;STK11;GENE;PA33752;PRKAG2;GENE;
PA36198;STK11;GENE;PA33753;PRKAG3;GENE;
PA34633;ROS1;GENE;PA24719;ALK;GENE;
PA33129;PDE4B;GENE;PA59;ARRB1;GENE;
PA33129;PDE4B;GENE;PA60;ARRB2;GENE;
PA30539;MAFG;GENE;PA283;MAPK8;GENE;
PA30539;MAFG;GENE;PA30621;MAPK14;GENE;
PA36042;SP1;GENE;PA134992438;CAMK1D;GENE;
PA36042;SP1;GENE;PA24684;AKT1;GENE;
PA36042;SP1;GENE;PA24685;AKT2;GENE;
PA36042;SP1;GENE;PA24686;AKT3;GENE;
PA36042;SP1;GENE;PA26048;CAMK1;GENE;
PA36042;SP1;GENE;PA26049;CAMK1G;GENE;
PA36042;SP1;GENE;PA283;MAPK8;GENE;
PA36042;SP1;GENE;PA30616;MAPK1;GENE;
PA36042;SP1;GENE;PA30622;MAPK3;GENE;
PA36042;SP1;GENE;PA337;STAT3;GENE;
PA36042;SP1;GENE;PA33759;PRKCA;GENE;
PA36042;SP1;GENE;PA33761;PRKCB;GENE;
PA36042;SP1;GENE;PA33766;PRKCG;GENE;
PA36042;SP1;GENE;PA338;STAT5A;GENE;
PA36042;SP1;GENE;PA36183;STAT1;GENE;
PA36042;SP1;GENE;PA36184;STAT2;GENE;
PA36042;SP1;GENE;PA36185;STAT4;GENE;
PA36042;SP1;GENE;PA36186;STAT5B;GENE;
PA36042;SP1;GENE;PA90;CAMK2A;GENE;
PA36042;SP1;GENE;PA91;CAMK2B;GENE;
PA36042;SP1;GENE;PA92;CAMK2D;GENE;
PA36042;SP1;GENE;PA93;CAMK2G;GENE;
PA28789;GNG7;GENE;PA33384;PLCB1;GENE;
PA28789;GNG7;GENE;PA33385;PLCB2;GENE;
PA28789;GNG7;GENE;PA33386;PLCB3;GENE;
PA28789;GNG7;GENE;PA33387;PLCB4;GENE;
PA37242;USP18;GENE;PA36184;STAT2;GENE;
PA134981636;CYCS;GENE;PA26094;CASP9;GENE;
PA35928;SLC9A1;GENE;PA27745;ELF2;GENE;
PA33391;PLCE1;GENE;PA26097;CASR;GENE;
PA33391;PLCE1;GENE;PA33759;PRKCA;GENE;
PA33391;PLCE1;GENE;PA33761;PRKCB;GENE;
PA33391;PLCE1;GENE;PA33766;PRKCG;GENE;
PA33391;PLCE1;GENE;PA33767;PRKCH;GENE;
PA33391;PLCE1;GENE;PA33768;PRKCI;GENE;
PA33391;PLCE1;GENE;PA33771;PRKD1;GENE;
PA33391;PLCE1;GENE;PA33775;PRKCZ;GENE;
PA27745;ELF2;GENE;PA316;SLC9A3;GENE;
PA27745;ELF2;GENE;PA35928;SLC9A1;GENE;
PA27745;ELF2;GENE;PA35929;SLC9A2;GENE;
PA27745;ELF2;GENE;PA35930;SLC9A3P1;GENE;
PA27745;ELF2;GENE;PA35931;SLC9A3R1;GENE;
PA27745;ELF2;GENE;PA35932;SLC9A3R2;GENE;
PA27745;ELF2;GENE;PA35933;SLC9A4;GENE;
PA27745;ELF2;GENE;PA35934;SLC9A5;GENE;
PA27745;ELF2;GENE;PA35935;SLC9A6;GENE;
PA27745;ELF2;GENE;PA39;ADRB2;GENE;
PA37423;XRCC4;GENE;PA29116;H2AFX;GENE;
PA28825;GP9;GENE;PA26716;COL3A1;GENE;
PA28825;GP9;GENE;PA26717;COL4A1;GENE;
PA28825;GP9;GENE;PA26718;COL4A2;GENE;
PA28825;GP9;GENE;PA33384;PLCB1;GENE;
PA28825;GP9;GENE;PA33393;PLCG2;GENE;
PA28825;GP9;GENE;PA35041;COL1A1;GENE;
PA28825;GP9;GENE;PA35042;COL1A2;GENE;
PA50;APOB;GENE;PA164742099;MTTP;GENE;
PA31600;NFKB2;GENE;PA134992438;CAMK1D;GENE;
PA31600;NFKB2;GENE;PA24684;AKT1;GENE;
PA31600;NFKB2;GENE;PA24685;AKT2;GENE;
PA31600;NFKB2;GENE;PA24686;AKT3;GENE;
PA31600;NFKB2;GENE;PA26048;CAMK1;GENE;
PA31600;NFKB2;GENE;PA26049;CAMK1G;GENE;
PA31600;NFKB2;GENE;PA283;MAPK8;GENE;
PA31600;NFKB2;GENE;PA30616;MAPK1;GENE;
PA31600;NFKB2;GENE;PA30622;MAPK3;GENE;
PA31600;NFKB2;GENE;PA33678;PPP3CA;GENE;
PA31600;NFKB2;GENE;PA33679;PPP3CB;GENE;
PA31600;NFKB2;GENE;PA33680;PPP3CC;GENE;
PA31600;NFKB2;GENE;PA33681;PPP3R1;GENE;
PA31600;NFKB2;GENE;PA33682;PPP3R2;GENE;
PA31600;NFKB2;GENE;PA337;STAT3;GENE;
PA31600;NFKB2;GENE;PA33759;PRKCA;GENE;
PA31600;NFKB2;GENE;PA33761;PRKCB;GENE;
PA31600;NFKB2;GENE;PA33766;PRKCG;GENE;
PA31600;NFKB2;GENE;PA338;STAT5A;GENE;
PA31600;NFKB2;GENE;PA36183;STAT1;GENE;
PA31600;NFKB2;GENE;PA36184;STAT2;GENE;
PA31600;NFKB2;GENE;PA36185;STAT4;GENE;
PA31600;NFKB2;GENE;PA36186;STAT5B;GENE;
PA31600;NFKB2;GENE;PA90;CAMK2A;GENE;
PA31600;NFKB2;GENE;PA91;CAMK2B;GENE;
PA31600;NFKB2;GENE;PA92;CAMK2D;GENE;
PA31600;NFKB2;GENE;PA93;CAMK2G;GENE;
PA24686;AKT3;GENE;PA134890823;PIK3R5;GENE;
PA24686;AKT3;GENE;PA248;NFKB1;GENE;
PA24686;AKT3;GENE;PA254;NOS3;GENE;
PA24686;AKT3;GENE;PA27749;ELK1;GENE;
PA24686;AKT3;GENE;PA28212;FOS;GENE;
PA24686;AKT3;GENE;PA296;RELA;GENE;
PA24686;AKT3;GENE;PA30006;JUN;GENE;
PA24686;AKT3;GENE;PA31353;MYC;GENE;
PA24686;AKT3;GENE;PA31600;NFKB2;GENE;
PA24686;AKT3;GENE;PA33304;PIK3C2A;GENE;
PA24686;AKT3;GENE;PA33305;PIK3C2B;GENE;
PA24686;AKT3;GENE;PA337;STAT3;GENE;
PA24686;AKT3;GENE;PA338;STAT5A;GENE;
PA24686;AKT3;GENE;PA36042;SP1;GENE;
PA24686;AKT3;GENE;PA36183;STAT1;GENE;
PA24686;AKT3;GENE;PA36184;STAT2;GENE;
PA24686;AKT3;GENE;PA36185;STAT4;GENE;
PA24686;AKT3;GENE;PA36186;STAT5B;GENE;
PA29988;JAK1;GENE;PA27844;ERBB2;GENE;
PA29988;JAK1;GENE;PA27846;ERBB3;GENE;
PA29988;JAK1;GENE;PA27847;ERBB4;GENE;
PA29988;JAK1;GENE;PA337;STAT3;GENE;
PA29988;JAK1;GENE;PA338;STAT5A;GENE;
PA29988;JAK1;GENE;PA36183;STAT1;GENE;
PA29988;JAK1;GENE;PA36184;STAT2;GENE;
PA29988;JAK1;GENE;PA36185;STAT4;GENE;
PA29988;JAK1;GENE;PA36186;STAT5B;GENE;
PA29988;JAK1;GENE;PA7360;EGFR;GENE;
PA25085;ATF3;GENE;PA283;MAPK8;GENE;
PA25085;ATF3;GENE;PA30621;MAPK14;GENE;
PA34335;RET;GENE;PA29444;HRAS;GENE;
PA34335;RET;GENE;PA30196;KRAS;GENE;
PA34335;RET;GENE;PA31768;NRAS;GENE;
PA30620;MAPK13;GENE;PA284;MAP2K7;GENE;
PA30620;MAPK13;GENE;PA30584;MAP2K1;GENE;
PA30620;MAPK13;GENE;PA30587;MAP2K2;GENE;
PA30620;MAPK13;GENE;PA30588;MAP2K3;GENE;
PA30620;MAPK13;GENE;PA30589;MAP2K4;GENE;
PA30620;MAPK13;GENE;PA30590;MAP2K5;GENE;
PA30620;MAPK13;GENE;PA30591;MAP2K6;GENE;
PA49;APOA1;GENE;PA273;PLTP;GENE;
PA33679;PPP3CB;GENE;PA248;NFKB1;GENE;
PA33679;PPP3CB;GENE;PA296;RELA;GENE;
PA33679;PPP3CB;GENE;PA31582;NFATC1;GENE;
PA33679;PPP3CB;GENE;PA31583;NFATC2;GENE;
PA33679;PPP3CB;GENE;PA31584;NFATC4;GENE;
PA33679;PPP3CB;GENE;PA31600;NFKB2;GENE;
PA33679;PPP3CB;GENE;PA34321;REL;GENE;
PA33679;PPP3CB;GENE;PA34322;RELB;GENE;
PA60;ARRB2;GENE;PA264;PDE4C;GENE;
PA60;ARRB2;GENE;PA30616;MAPK1;GENE;
PA60;ARRB2;GENE;PA33128;PDE4A;GENE;
PA60;ARRB2;GENE;PA33129;PDE4B;GENE;
PA60;ARRB2;GENE;PA33130;PDE4D;GENE;
PA60;ARRB2;GENE;PA33748;PRKACA;GENE;
PA60;ARRB2;GENE;PA33749;PRKACB;GENE;
PA60;ARRB2;GENE;PA33750;PRKACG;GENE;
PA60;ARRB2;GENE;PA36111;SRC;GENE;
PA60;ARRB2;GENE;PA39;ADRB2;GENE;
PA60;ARRB2;GENE;PA62;ATP1A1;GENE;
PA30588;MAP2K3;GENE;PA283;MAPK8;GENE;
PA30588;MAP2K3;GENE;PA30594;MAP3K11;GENE;
PA30588;MAP2K3;GENE;PA30603;MAP3K7;GENE;
PA30588;MAP2K3;GENE;PA30616;MAPK1;GENE;
PA30588;MAP2K3;GENE;PA30617;MAPK10;GENE;
PA30588;MAP2K3;GENE;PA30618;MAPK11;GENE;
PA30588;MAP2K3;GENE;PA30619;MAPK12;GENE;
PA30588;MAP2K3;GENE;PA30620;MAPK13;GENE;
PA30588;MAP2K3;GENE;PA30621;MAPK14;GENE;
PA30588;MAP2K3;GENE;PA30622;MAPK3;GENE;
PA30588;MAP2K3;GENE;PA30623;MAPK4;GENE;
PA30588;MAP2K3;GENE;PA30624;MAPK6;GENE;
PA30588;MAP2K3;GENE;PA30625;MAPK7;GENE;
PA30588;MAP2K3;GENE;PA30630;MAPK9;GENE;
PA30588;MAP2K3;GENE;PA34183;RAF1;GENE;
PA33395;PLCL2;GENE;PA26097;CASR;GENE;
PA33395;PLCL2;GENE;PA33759;PRKCA;GENE;
PA33395;PLCL2;GENE;PA33761;PRKCB;GENE;
PA33395;PLCL2;GENE;PA33766;PRKCG;GENE;
PA33395;PLCL2;GENE;PA33767;PRKCH;GENE;
PA33395;PLCL2;GENE;PA33768;PRKCI;GENE;
PA33395;PLCL2;GENE;PA33771;PRKD1;GENE;
PA33395;PLCL2;GENE;PA33775;PRKCZ;GENE;
PA28128;FGFR2;GENE;PA26880;CRK;GENE;
PA28128;FGFR2;GENE;PA28115;FGF2;GENE;
PA28128;FGFR2;GENE;PA33304;PIK3C2A;GENE;
PA28128;FGFR2;GENE;PA33305;PIK3C2B;GENE;
PA30584;MAP2K1;GENE;PA24928;ARAF;GENE;
PA30584;MAP2K1;GENE;PA25408;BRAF;GENE;
PA30584;MAP2K1;GENE;PA283;MAPK8;GENE;
PA30584;MAP2K1;GENE;PA30616;MAPK1;GENE;
PA30584;MAP2K1;GENE;PA30617;MAPK10;GENE;
PA30584;MAP2K1;GENE;PA30618;MAPK11;GENE;
PA30584;MAP2K1;GENE;PA30619;MAPK12;GENE;
PA30584;MAP2K1;GENE;PA30620;MAPK13;GENE;
PA30584;MAP2K1;GENE;PA30621;MAPK14;GENE;
PA30584;MAP2K1;GENE;PA30622;MAPK3;GENE;
PA30584;MAP2K1;GENE;PA30623;MAPK4;GENE;
PA30584;MAP2K1;GENE;PA30624;MAPK6;GENE;
PA30584;MAP2K1;GENE;PA30625;MAPK7;GENE;
PA30584;MAP2K1;GENE;PA30630;MAPK9;GENE;
PA30584;MAP2K1;GENE;PA34183;RAF1;GENE;
PA213;KCNJ1;GENE;PA134875400;WNK4;GENE;
PA213;KCNJ1;GENE;PA33782;WNK1;GENE;
PA28181;FLT3;GENE;PA24388;ABCB6;GENE;
PA28181;FLT3;GENE;PA29444;HRAS;GENE;
PA28181;FLT3;GENE;PA30196;KRAS;GENE;
PA28181;FLT3;GENE;PA31768;NRAS;GENE;
PA29561;HTR7;GENE;PA175;GNAS;GENE;
PA164722621;MIR27A;GENE;PA130;CYP3A4;GENE;
PA33314;PIK3R3;GENE;PA24684;AKT1;GENE;
PA33314;PIK3R3;GENE;PA27844;ERBB2;GENE;
PA33314;PIK3R3;GENE;PA27846;ERBB3;GENE;
PA33314;PIK3R3;GENE;PA27847;ERBB4;GENE;
PA33314;PIK3R3;GENE;PA28180;FLT1;GENE;
PA33314;PIK3R3;GENE;PA28183;FLT4;GENE;
PA33314;PIK3R3;GENE;PA30086;KDR;GENE;
PA33314;PIK3R3;GENE;PA7360;EGFR;GENE;
PA26880;CRK;GENE;PA134941638;FGFR1OP;GENE;
PA26880;CRK;GENE;PA134972108;FGFR1OP2;GENE;
PA26880;CRK;GENE;PA28127;FGFR1;GENE;
PA26880;CRK;GENE;PA28128;FGFR2;GENE;
PA26880;CRK;GENE;PA28129;FGFR3;GENE;
PA26880;CRK;GENE;PA28130;FGFR4;GENE;
PA26880;CRK;GENE;PA28131;FGFR3P1;GENE;
PA26880;CRK;GENE;PA28132;FGFRL1;GENE;
PA26880;CRK;GENE;PA29444;HRAS;GENE;
PA26880;CRK;GENE;PA30196;KRAS;GENE;
PA26880;CRK;GENE;PA31768;NRAS;GENE;
PA29553;HTR1F;GENE;PA172;GNAI1;GENE;
PA29553;HTR1F;GENE;PA173;GNAI3;GENE;
PA29553;HTR1F;GENE;PA24347;GNAI2;GENE;
PA35932;SLC9A3R2;GENE;PA27745;ELF2;GENE;
PA26048;CAMK1;GENE;PA248;NFKB1;GENE;
PA26048;CAMK1;GENE;PA27749;ELK1;GENE;
PA26048;CAMK1;GENE;PA28212;FOS;GENE;
PA26048;CAMK1;GENE;PA296;RELA;GENE;
PA26048;CAMK1;GENE;PA30006;JUN;GENE;
PA26048;CAMK1;GENE;PA31353;MYC;GENE;
PA26048;CAMK1;GENE;PA31600;NFKB2;GENE;
PA26048;CAMK1;GENE;PA337;STAT3;GENE;
PA26048;CAMK1;GENE;PA338;STAT5A;GENE;
PA26048;CAMK1;GENE;PA36042;SP1;GENE;
PA26048;CAMK1;GENE;PA36183;STAT1;GENE;
PA26048;CAMK1;GENE;PA36184;STAT2;GENE;
PA26048;CAMK1;GENE;PA36185;STAT4;GENE;
PA26048;CAMK1;GENE;PA36186;STAT5B;GENE;
PA33313;PIK3R2;GENE;PA24684;AKT1;GENE;
PA33313;PIK3R2;GENE;PA27844;ERBB2;GENE;
PA33313;PIK3R2;GENE;PA27846;ERBB3;GENE;
PA33313;PIK3R2;GENE;PA27847;ERBB4;GENE;
PA33313;PIK3R2;GENE;PA28180;FLT1;GENE;
PA33313;PIK3R2;GENE;PA28183;FLT4;GENE;
PA33313;PIK3R2;GENE;PA30086;KDR;GENE;
PA33313;PIK3R2;GENE;PA7360;EGFR;GENE;
PA30589;MAP2K4;GENE;PA283;MAPK8;GENE;
PA30589;MAP2K4;GENE;PA30592;MAP3K1;GENE;
PA30589;MAP2K4;GENE;PA30616;MAPK1;GENE;
PA30589;MAP2K4;GENE;PA30617;MAPK10;GENE;
PA30589;MAP2K4;GENE;PA30618;MAPK11;GENE;
PA30589;MAP2K4;GENE;PA30619;MAPK12;GENE;
PA30589;MAP2K4;GENE;PA30620;MAPK13;GENE;
PA30589;MAP2K4;GENE;PA30621;MAPK14;GENE;
PA30589;MAP2K4;GENE;PA30622;MAPK3;GENE;
PA30589;MAP2K4;GENE;PA30623;MAPK4;GENE;
PA30589;MAP2K4;GENE;PA30624;MAPK6;GENE;
PA30589;MAP2K4;GENE;PA30625;MAPK7;GENE;
PA30589;MAP2K4;GENE;PA30630;MAPK9;GENE;
PA30589;MAP2K4;GENE;PA34183;RAF1;GENE;
PA162391083;HNF1B;GENE;PA24684;AKT1;GENE;
PA28132;FGFRL1;GENE;PA26880;CRK;GENE;
PA28132;FGFRL1;GENE;PA28115;FGF2;GENE;
PA28132;FGFRL1;GENE;PA33304;PIK3C2A;GENE;
PA28132;FGFRL1;GENE;PA33305;PIK3C2B;GENE;
PA134941638;FGFR1OP;GENE;PA26880;CRK;GENE;
PA134941638;FGFR1OP;GENE;PA28115;FGF2;GENE;
PA134941638;FGFR1OP;GENE;PA33304;PIK3C2A;GENE;
PA134941638;FGFR1OP;GENE;PA33305;PIK3C2B;GENE;
PA139;ACE;GENE;PA425;ACE2;GENE;
PA134973207;OXSR1;GENE;PA320;SLC12A1;GENE;
PA134973207;OXSR1;GENE;PA38243;STK39;GENE;
PA175;GNAS;GENE;PA164741137;ADCY3;GENE;
PA175;GNAS;GENE;PA24560;ADCY1;GENE;
PA175;GNAS;GENE;PA24561;ADCY2;GENE;
PA175;GNAS;GENE;PA24562;ADCY4;GENE;
PA175;GNAS;GENE;PA24563;ADCY5;GENE;
PA175;GNAS;GENE;PA27;ADCY6;GENE;
PA175;GNAS;GENE;PA28;ADCY7;GENE;
PA175;GNAS;GENE;PA285;PTGDR;GENE;
PA175;GNAS;GENE;PA287;PTGER2;GENE;
PA175;GNAS;GENE;PA29;ADCY8;GENE;
PA175;GNAS;GENE;PA291;PTGIR;GENE;
PA175;GNAS;GENE;PA29457;HRH2;GENE;
PA175;GNAS;GENE;PA29557;HTR4;GENE;
PA175;GNAS;GENE;PA29560;HTR6;GENE;
PA175;GNAS;GENE;PA29561;HTR7;GENE;
PA175;GNAS;GENE;PA30;ADCY9;GENE;
PA175;GNAS;GENE;PA34361;RGS1;GENE;
PA175;GNAS;GENE;PA39;ADRB2;GENE;
PA28824;GP6;GENE;PA26716;COL3A1;GENE;
PA28824;GP6;GENE;PA26717;COL4A1;GENE;
PA28824;GP6;GENE;PA26718;COL4A2;GENE;
PA28824;GP6;GENE;PA33384;PLCB1;GENE;
PA28824;GP6;GENE;PA33393;PLCG2;GENE;
PA28824;GP6;GENE;PA35041;COL1A1;GENE;
PA28824;GP6;GENE;PA35042;COL1A2;GENE;
PA30624;MAPK6;GENE;PA284;MAP2K7;GENE;
PA30624;MAPK6;GENE;PA30584;MAP2K1;GENE;
PA30624;MAPK6;GENE;PA30587;MAP2K2;GENE;
PA30624;MAPK6;GENE;PA30588;MAP2K3;GENE;
PA30624;MAPK6;GENE;PA30589;MAP2K4;GENE;
PA30624;MAPK6;GENE;PA30590;MAP2K5;GENE;
PA30624;MAPK6;GENE;PA30591;MAP2K6;GENE;
PA296;RELA;GENE;PA134992438;CAMK1D;GENE;
PA296;RELA;GENE;PA24684;AKT1;GENE;
PA296;RELA;GENE;PA24685;AKT2;GENE;
PA296;RELA;GENE;PA24686;AKT3;GENE;
PA296;RELA;GENE;PA26048;CAMK1;GENE;
PA296;RELA;GENE;PA26049;CAMK1G;GENE;
PA296;RELA;GENE;PA283;MAPK8;GENE;
PA296;RELA;GENE;PA30616;MAPK1;GENE;
PA296;RELA;GENE;PA30622;MAPK3;GENE;
PA296;RELA;GENE;PA33678;PPP3CA;GENE;
PA296;RELA;GENE;PA33679;PPP3CB;GENE;
PA296;RELA;GENE;PA33680;PPP3CC;GENE;
PA296;RELA;GENE;PA33681;PPP3R1;GENE;
PA296;RELA;GENE;PA33682;PPP3R2;GENE;
PA296;RELA;GENE;PA337;STAT3;GENE;
PA296;RELA;GENE;PA33759;PRKCA;GENE;
PA296;RELA;GENE;PA33761;PRKCB;GENE;
PA296;RELA;GENE;PA33766;PRKCG;GENE;
PA296;RELA;GENE;PA338;STAT5A;GENE;
PA296;RELA;GENE;PA36183;STAT1;GENE;
PA296;RELA;GENE;PA36184;STAT2;GENE;
PA296;RELA;GENE;PA36185;STAT4;GENE;
PA296;RELA;GENE;PA36186;STAT5B;GENE;
PA296;RELA;GENE;PA90;CAMK2A;GENE;
PA296;RELA;GENE;PA91;CAMK2B;GENE;
PA296;RELA;GENE;PA92;CAMK2D;GENE;
PA296;RELA;GENE;PA93;CAMK2G;GENE;
PA36380;HNF1A;GENE;PA24684;AKT1;GENE;
PA37304;VEGFC;GENE;PA28180;FLT1;GENE;
PA37304;VEGFC;GENE;PA30086;KDR;GENE;
PA37304;VEGFC;GENE;PA31783;NRP1;GENE;
PA92;CAMK2D;GENE;PA248;NFKB1;GENE;
PA92;CAMK2D;GENE;PA27749;ELK1;GENE;
PA92;CAMK2D;GENE;PA28212;FOS;GENE;
PA92;CAMK2D;GENE;PA296;RELA;GENE;
PA92;CAMK2D;GENE;PA30006;JUN;GENE;
PA92;CAMK2D;GENE;PA31353;MYC;GENE;
PA92;CAMK2D;GENE;PA31600;NFKB2;GENE;
PA92;CAMK2D;GENE;PA337;STAT3;GENE;
PA92;CAMK2D;GENE;PA338;STAT5A;GENE;
PA92;CAMK2D;GENE;PA36042;SP1;GENE;
PA92;CAMK2D;GENE;PA36183;STAT1;GENE;
PA92;CAMK2D;GENE;PA36184;STAT2;GENE;
PA92;CAMK2D;GENE;PA36185;STAT4;GENE;
PA92;CAMK2D;GENE;PA36186;STAT5B;GENE;
PA29;ADCY8;GENE;PA172;GNAI1;GENE;
PA29;ADCY8;GENE;PA173;GNAI3;GENE;
PA29;ADCY8;GENE;PA175;GNAS;GENE;
PA29;ADCY8;GENE;PA24347;GNAI2;GENE;
PA174;GNAQ;GENE;PA193;HTR2A;GENE;
PA174;GNAQ;GENE;PA194;HTR2C;GENE;
PA174;GNAQ;GENE;PA27946;F2R;GENE;
PA174;GNAQ;GENE;PA27949;F2RL3;GENE;
PA174;GNAQ;GENE;PA32868;P2RY1;GENE;
PA174;GNAQ;GENE;PA33384;PLCB1;GENE;
PA174;GNAQ;GENE;PA33385;PLCB2;GENE;
PA174;GNAQ;GENE;PA33386;PLCB3;GENE;
PA174;GNAQ;GENE;PA33387;PLCB4;GENE;
PA174;GNAQ;GENE;PA33393;PLCG2;GENE;
PA174;GNAQ;GENE;PA348;TBXA2R;GENE;
PA31712;NPM1;GENE;PA24380;ABCA5;GENE;
PA31712;NPM1;GENE;PA397;ABCC4;GENE;
PA25084;ATF2;GENE;PA283;MAPK8;GENE;
PA25084;ATF2;GENE;PA30621;MAPK14;GENE;
PA28130;FGFR4;GENE;PA26880;CRK;GENE;
PA28130;FGFR4;GENE;PA28115;FGF2;GENE;
PA28130;FGFR4;GENE;PA33304;PIK3C2A;GENE;
PA28130;FGFR4;GENE;PA33305;PIK3C2B;GENE;
PA36183;STAT1;GENE;PA134992438;CAMK1D;GENE;
PA36183;STAT1;GENE;PA24684;AKT1;GENE;
PA36183;STAT1;GENE;PA24685;AKT2;GENE;
PA36183;STAT1;GENE;PA24686;AKT3;GENE;
PA36183;STAT1;GENE;PA248;NFKB1;GENE;
PA36183;STAT1;GENE;PA26048;CAMK1;GENE;
PA36183;STAT1;GENE;PA26049;CAMK1G;GENE;
PA36183;STAT1;GENE;PA27749;ELK1;GENE;
PA36183;STAT1;GENE;PA28212;FOS;GENE;
PA36183;STAT1;GENE;PA283;MAPK8;GENE;
PA36183;STAT1;GENE;PA296;RELA;GENE;
PA36183;STAT1;GENE;PA29988;JAK1;GENE;
PA36183;STAT1;GENE;PA30006;JUN;GENE;
PA36183;STAT1;GENE;PA30616;MAPK1;GENE;
PA36183;STAT1;GENE;PA30622;MAPK3;GENE;
PA36183;STAT1;GENE;PA31353;MYC;GENE;
PA36183;STAT1;GENE;PA31600;NFKB2;GENE;
PA36183;STAT1;GENE;PA33285;PIAS1;GENE;
PA36183;STAT1;GENE;PA337;STAT3;GENE;
PA36183;STAT1;GENE;PA33759;PRKCA;GENE;
PA36183;STAT1;GENE;PA33761;PRKCB;GENE;
PA36183;STAT1;GENE;PA33766;PRKCG;GENE;
PA36183;STAT1;GENE;PA338;STAT5A;GENE;
PA36183;STAT1;GENE;PA36042;SP1;GENE;
PA36183;STAT1;GENE;PA36184;STAT2;GENE;
PA36183;STAT1;GENE;PA36185;STAT4;GENE;
PA36183;STAT1;GENE;PA36186;STAT5B;GENE;
PA36183;STAT1;GENE;PA90;CAMK2A;GENE;
PA36183;STAT1;GENE;PA91;CAMK2B;GENE;
PA36183;STAT1;GENE;PA92;CAMK2D;GENE;
PA36183;STAT1;GENE;PA93;CAMK2G;GENE;
PA33130;PDE4D;GENE;PA59;ARRB1;GENE;
PA33130;PDE4D;GENE;PA60;ARRB2;GENE;
PA30587;MAP2K2;GENE;PA24928;ARAF;GENE;
PA30587;MAP2K2;GENE;PA25408;BRAF;GENE;
PA30587;MAP2K2;GENE;PA283;MAPK8;GENE;
PA30587;MAP2K2;GENE;PA30616;MAPK1;GENE;
PA30587;MAP2K2;GENE;PA30617;MAPK10;GENE;
PA30587;MAP2K2;GENE;PA30618;MAPK11;GENE;
PA30587;MAP2K2;GENE;PA30619;MAPK12;GENE;
PA30587;MAP2K2;GENE;PA30620;MAPK13;GENE;
PA30587;MAP2K2;GENE;PA30621;MAPK14;GENE;
PA30587;MAP2K2;GENE;PA30622;MAPK3;GENE;
PA30587;MAP2K2;GENE;PA30623;MAPK4;GENE;
PA30587;MAP2K2;GENE;PA30624;MAPK6;GENE;
PA30587;MAP2K2;GENE;PA30625;MAPK7;GENE;
PA30587;MAP2K2;GENE;PA30630;MAPK9;GENE;
PA30587;MAP2K2;GENE;PA34183;RAF1;GENE;
PA33764;CAVIN3;GENE;PA39;ADRB2;GENE;
PA30007;JUNB;GENE;PA283;MAPK8;GENE;
PA30007;JUNB;GENE;PA30621;MAPK14;GENE;
PA205;ITGB3;GENE;PA33384;PLCB1;GENE;
PA205;ITGB3;GENE;PA33393;PLCG2;GENE;
PA244;ABCC1;GENE;PA378;NR1I2;GENE;
PA33782;WNK1;GENE;PA134875400;WNK4;GENE;
PA33782;WNK1;GENE;PA213;KCNJ1;GENE;
PA33782;WNK1;GENE;PA305;SCNN1A;GENE;
PA33782;WNK1;GENE;PA306;SCNN1B;GENE;
PA33782;WNK1;GENE;PA307;SCNN1G;GENE;
PA33782;WNK1;GENE;PA33784;WNK3;GENE;
PA33782;WNK1;GENE;PA38243;STK39;GENE;
PA33761;PRKCB;GENE;PA128394595;PLCH1;GENE;
PA33761;PRKCB;GENE;PA134875646;PLCZ1;GENE;
PA33761;PRKCB;GENE;PA134914471;PLCH2;GENE;
PA33761;PRKCB;GENE;PA248;NFKB1;GENE;
PA33761;PRKCB;GENE;PA27749;ELK1;GENE;
PA33761;PRKCB;GENE;PA28212;FOS;GENE;
PA33761;PRKCB;GENE;PA296;RELA;GENE;
PA33761;PRKCB;GENE;PA30006;JUN;GENE;
PA33761;PRKCB;GENE;PA31353;MYC;GENE;
PA33761;PRKCB;GENE;PA31600;NFKB2;GENE;
PA33761;PRKCB;GENE;PA33384;PLCB1;GENE;
PA33761;PRKCB;GENE;PA33385;PLCB2;GENE;
PA33761;PRKCB;GENE;PA33386;PLCB3;GENE;
PA33761;PRKCB;GENE;PA33387;PLCB4;GENE;
PA33761;PRKCB;GENE;PA33388;PLCD1;GENE;
PA33761;PRKCB;GENE;PA33389;PLCD3;GENE;
PA33761;PRKCB;GENE;PA33390;PLCD4;GENE;
PA33761;PRKCB;GENE;PA33391;PLCE1;GENE;
PA33761;PRKCB;GENE;PA33392;PLCG1;GENE;
PA33761;PRKCB;GENE;PA33393;PLCG2;GENE;
PA33761;PRKCB;GENE;PA33394;PLCL1;GENE;
PA33761;PRKCB;GENE;PA33395;PLCL2;GENE;
PA33761;PRKCB;GENE;PA337;STAT3;GENE;
PA33761;PRKCB;GENE;PA338;STAT5A;GENE;
PA33761;PRKCB;GENE;PA34183;RAF1;GENE;
PA33761;PRKCB;GENE;PA36042;SP1;GENE;
PA33761;PRKCB;GENE;PA36183;STAT1;GENE;
PA33761;PRKCB;GENE;PA36184;STAT2;GENE;
PA33761;PRKCB;GENE;PA36185;STAT4;GENE;
PA33761;PRKCB;GENE;PA36186;STAT5B;GENE;
PA33761;PRKCB;GENE;PA39;ADRB2;GENE;
PA30540;MAFK;GENE;PA283;MAPK8;GENE;
PA30540;MAFK;GENE;PA30621;MAPK14;GENE;
PA31751;NR1H3;GENE;PA346;SULT2A1;GENE;
PA31582;NFATC1;GENE;PA33678;PPP3CA;GENE;
PA31582;NFATC1;GENE;PA33679;PPP3CB;GENE;
PA31582;NFATC1;GENE;PA33680;PPP3CC;GENE;
PA31582;NFATC1;GENE;PA33681;PPP3R1;GENE;
PA31582;NFATC1;GENE;PA33682;PPP3R2;GENE;
PA28784;GNG2;GENE;PA33384;PLCB1;GENE;
PA28784;GNG2;GENE;PA33385;PLCB2;GENE;
PA28784;GNG2;GENE;PA33386;PLCB3;GENE;
PA28784;GNG2;GENE;PA33387;PLCB4;GENE;
PA27946;F2R;GENE;PA157;F2;GENE;
PA27946;F2R;GENE;PA174;GNAQ;GENE;
PA27946;F2R;GENE;PA176;GNB3;GENE;
PA27946;F2R;GENE;PA28764;GNA11;GENE;
PA27946;F2R;GENE;PA28765;GNA12;GENE;
PA27946;F2R;GENE;PA28766;GNA13;GENE;
PA27946;F2R;GENE;PA28768;GNA15;GENE;
PA28115;FGF2;GENE;PA134941638;FGFR1OP;GENE;
PA28115;FGF2;GENE;PA134972108;FGFR1OP2;GENE;
PA28115;FGF2;GENE;PA28127;FGFR1;GENE;
PA28115;FGF2;GENE;PA28128;FGFR2;GENE;
PA28115;FGF2;GENE;PA28129;FGFR3;GENE;
PA28115;FGF2;GENE;PA28130;FGFR4;GENE;
PA28115;FGF2;GENE;PA28131;FGFR3P1;GENE;
PA28115;FGF2;GENE;PA28132;FGFRL1;GENE;
PA37091;TXN;GENE;PA33723;PRDX2;GENE;
PA37091;TXN;GENE;PA37093;TXNRD1;GENE;
PA33682;PPP3R2;GENE;PA248;NFKB1;GENE;
PA33682;PPP3R2;GENE;PA296;RELA;GENE;
PA33682;PPP3R2;GENE;PA31582;NFATC1;GENE;
PA33682;PPP3R2;GENE;PA31583;NFATC2;GENE;
PA33682;PPP3R2;GENE;PA31584;NFATC4;GENE;
PA33682;PPP3R2;GENE;PA31600;NFKB2;GENE;
PA33682;PPP3R2;GENE;PA34321;REL;GENE;
PA33682;PPP3R2;GENE;PA34322;RELB;GENE;
PA33393;PLCG2;GENE;PA174;GNAQ;GENE;
PA33393;PLCG2;GENE;PA176;GNB3;GENE;
PA33393;PLCG2;GENE;PA179;GP1BB;GENE;
PA33393;PLCG2;GENE;PA204;ITGA2;GENE;
PA33393;PLCG2;GENE;PA205;ITGB3;GENE;
PA33393;PLCG2;GENE;PA26097;CASR;GENE;
PA33393;PLCG2;GENE;PA26212;CD36;GENE;
PA33393;PLCG2;GENE;PA270;PLA2G2A;GENE;
PA33393;PLCG2;GENE;PA271;PLA2G4A;GENE;
PA33393;PLCG2;GENE;PA27844;ERBB2;GENE;
PA33393;PLCG2;GENE;PA27846;ERBB3;GENE;
PA33393;PLCG2;GENE;PA27847;ERBB4;GENE;
PA33393;PLCG2;GENE;PA28764;GNA11;GENE;
PA33393;PLCG2;GENE;PA28765;GNA12;GENE;
PA33393;PLCG2;GENE;PA28766;GNA13;GENE;
PA33393;PLCG2;GENE;PA28768;GNA15;GENE;
PA33393;PLCG2;GENE;PA28823;GP5;GENE;
PA33393;PLCG2;GENE;PA28824;GP6;GENE;
PA33393;PLCG2;GENE;PA28825;GP9;GENE;
PA33393;PLCG2;GENE;PA29938;ITGA2B;GENE;
PA33393;PLCG2;GENE;PA30086;KDR;GENE;
PA33393;PLCG2;GENE;PA33364;PLA2G4B;GENE;
PA33393;PLCG2;GENE;PA33759;PRKCA;GENE;
PA33393;PLCG2;GENE;PA33761;PRKCB;GENE;
PA33393;PLCG2;GENE;PA33763;PRKCD;GENE;
PA33393;PLCG2;GENE;PA33765;PRKCE;GENE;
PA33393;PLCG2;GENE;PA33766;PRKCG;GENE;
PA33393;PLCG2;GENE;PA33767;PRKCH;GENE;
PA33393;PLCG2;GENE;PA33768;PRKCI;GENE;
PA33393;PLCG2;GENE;PA33771;PRKD1;GENE;
PA33393;PLCG2;GENE;PA33773;PRKCQ;GENE;
PA33393;PLCG2;GENE;PA33775;PRKCZ;GENE;
PA33393;PLCG2;GENE;PA7360;EGFR;GENE;
PA27846;ERBB3;GENE;PA29988;JAK1;GENE;
PA27846;ERBB3;GENE;PA33308;PIK3CA;GENE;
PA27846;ERBB3;GENE;PA33309;PIK3CB;GENE;
PA27846;ERBB3;GENE;PA33310;PIK3CD;GENE;
PA27846;ERBB3;GENE;PA33311;PIK3CG;GENE;
PA27846;ERBB3;GENE;PA33312;PIK3R1;GENE;
PA27846;ERBB3;GENE;PA33313;PIK3R2;GENE;
PA27846;ERBB3;GENE;PA33314;PIK3R3;GENE;
PA27846;ERBB3;GENE;PA33392;PLCG1;GENE;
PA27846;ERBB3;GENE;PA33393;PLCG2;GENE;
PA193;HTR2A;GENE;PA174;GNAQ;GENE;
PA33148;PDGFRB;GENE;PA29444;HRAS;GENE;
PA33148;PDGFRB;GENE;PA30196;KRAS;GENE;
PA33148;PDGFRB;GENE;PA31768;NRAS;GENE;
PA24719;ALK;GENE;PA27769;EML4;GENE;
PA24719;ALK;GENE;PA34633;ROS1;GENE;
PA30;ADCY9;GENE;PA172;GNAI1;GENE;
PA30;ADCY9;GENE;PA173;GNAI3;GENE;
PA30;ADCY9;GENE;PA175;GNAS;GENE;
PA30;ADCY9;GENE;PA24347;GNAI2;GENE;
PA162409589;ZEB1;GENE;PA62;ATP1A1;GENE;
PA348;TBXA2R;GENE;PA174;GNAQ;GENE;
PA348;TBXA2R;GENE;PA176;GNB3;GENE;
PA348;TBXA2R;GENE;PA28764;GNA11;GENE;
PA348;TBXA2R;GENE;PA28765;GNA12;GENE;
PA348;TBXA2R;GENE;PA28766;GNA13;GENE;
PA348;TBXA2R;GENE;PA28768;GNA15;GENE;
PA173;GNAI3;GENE;PA134971947;P2RY12;GENE;
PA173;GNAI3;GENE;PA164741137;ADCY3;GENE;
PA173;GNAI3;GENE;PA192;HTR1A;GENE;
PA173;GNAI3;GENE;PA24560;ADCY1;GENE;
PA173;GNAI3;GENE;PA24561;ADCY2;GENE;
PA173;GNAI3;GENE;PA24562;ADCY4;GENE;
PA173;GNAI3;GENE;PA24563;ADCY5;GENE;
PA173;GNAI3;GENE;PA27;ADCY6;GENE;
PA173;GNAI3;GENE;PA28;ADCY7;GENE;
PA173;GNAI3;GENE;PA29;ADCY8;GENE;
PA173;GNAI3;GENE;PA29549;HTR1B;GENE;
PA173;GNAI3;GENE;PA29550;HTR1D;GENE;
PA173;GNAI3;GENE;PA29552;HTR1E;GENE;
PA173;GNAI3;GENE;PA29553;HTR1F;GENE;
PA173;GNAI3;GENE;PA30;ADCY9;GENE;
PA173;GNAI3;GENE;PA34361;RGS1;GENE;
PA173;GNAI3;GENE;PA39;ADRB2;GENE;
PA59;ARRB1;GENE;PA264;PDE4C;GENE;
PA59;ARRB1;GENE;PA30616;MAPK1;GENE;
PA59;ARRB1;GENE;PA33128;PDE4A;GENE;
PA59;ARRB1;GENE;PA33129;PDE4B;GENE;
PA59;ARRB1;GENE;PA33130;PDE4D;GENE;
PA59;ARRB1;GENE;PA33748;PRKACA;GENE;
PA59;ARRB1;GENE;PA33749;PRKACB;GENE;
PA59;ARRB1;GENE;PA33750;PRKACG;GENE;
PA59;ARRB1;GENE;PA36111;SRC;GENE;
PA59;ARRB1;GENE;PA39;ADRB2;GENE;
PA33364;PLA2G4B;GENE;PA33384;PLCB1;GENE;
PA33364;PLA2G4B;GENE;PA33393;PLCG2;GENE;
PA33784;WNK3;GENE;PA321;SLC12A3;GENE;
PA33784;WNK3;GENE;PA33782;WNK1;GENE;
PA33784;WNK3;GENE;PA38243;STK39;GENE;
PA37186;UGT2B10;GENE;PA156;ESR1;GENE;
PA391;NR1I3;GENE;PA123;CYP2B6;GENE;
PA391;NR1I3;GENE;PA130;CYP3A4;GENE;
PA37302;VEGFA;GENE;PA28180;FLT1;GENE;
PA37302;VEGFA;GENE;PA30086;KDR;GENE;
PA37302;VEGFA;GENE;PA31783;NRP1;GENE;
PA33154;PDK1;GENE;PA24684;AKT1;GENE;
PA33765;PRKCE;GENE;PA33392;PLCG1;GENE;
PA33765;PRKCE;GENE;PA33393;PLCG2;GENE;
PA33765;PRKCE;GENE;PA34183;RAF1;GENE;
PA33765;PRKCE;GENE;PA39;ADRB2;GENE;
PA33765;PRKCE;GENE;PA62;ATP1A1;GENE;
PA33147;PDGFRA;GENE;PA30128;KIT;GENE;
PA29552;HTR1E;GENE;PA172;GNAI1;GENE;
PA29552;HTR1E;GENE;PA173;GNAI3;GENE;
PA29552;HTR1E;GENE;PA24347;GNAI2;GENE;
PA83;CACNA1C;GENE;PA33748;PRKACA;GENE;
PA83;CACNA1C;GENE;PA33749;PRKACB;GENE;
PA83;CACNA1C;GENE;PA33750;PRKACG;GENE;
PA36184;STAT2;GENE;PA134885765;SOCS3;GENE;
PA36184;STAT2;GENE;PA134992438;CAMK1D;GENE;
PA36184;STAT2;GENE;PA24684;AKT1;GENE;
PA36184;STAT2;GENE;PA24685;AKT2;GENE;
PA36184;STAT2;GENE;PA24686;AKT3;GENE;
PA36184;STAT2;GENE;PA248;NFKB1;GENE;
PA36184;STAT2;GENE;PA26048;CAMK1;GENE;
PA36184;STAT2;GENE;PA26049;CAMK1G;GENE;
PA36184;STAT2;GENE;PA27749;ELK1;GENE;
PA36184;STAT2;GENE;PA28212;FOS;GENE;
PA36184;STAT2;GENE;PA283;MAPK8;GENE;
PA36184;STAT2;GENE;PA296;RELA;GENE;
PA36184;STAT2;GENE;PA29988;JAK1;GENE;
PA36184;STAT2;GENE;PA30006;JUN;GENE;
PA36184;STAT2;GENE;PA30616;MAPK1;GENE;
PA36184;STAT2;GENE;PA30622;MAPK3;GENE;
PA36184;STAT2;GENE;PA31353;MYC;GENE;
PA36184;STAT2;GENE;PA31600;NFKB2;GENE;
PA36184;STAT2;GENE;PA337;STAT3;GENE;
PA36184;STAT2;GENE;PA33759;PRKCA;GENE;
PA36184;STAT2;GENE;PA33761;PRKCB;GENE;
PA36184;STAT2;GENE;PA33766;PRKCG;GENE;
PA36184;STAT2;GENE;PA338;STAT5A;GENE;
PA36184;STAT2;GENE;PA36042;SP1;GENE;
PA36184;STAT2;GENE;PA36183;STAT1;GENE;
PA36184;STAT2;GENE;PA36185;STAT4;GENE;
PA36184;STAT2;GENE;PA36186;STAT5B;GENE;
PA36184;STAT2;GENE;PA37242;USP18;GENE;
PA36184;STAT2;GENE;PA90;CAMK2A;GENE;
PA36184;STAT2;GENE;PA91;CAMK2B;GENE;
PA36184;STAT2;GENE;PA92;CAMK2D;GENE;
PA36184;STAT2;GENE;PA93;CAMK2G;GENE;
PA254;NOS3;GENE;PA24684;AKT1;GENE;
PA254;NOS3;GENE;PA24685;AKT2;GENE;
PA254;NOS3;GENE;PA24686;AKT3;GENE;
PA361;UGT2B7;GENE;PA156;ESR1;GENE;
PA164722867;MIR570;GENE;PA129;CYP2E1;GENE;
PA33744;PRKAA1;GENE;PA134983031;GPAM;GENE;
PA33744;PRKAA1;GENE;PA142672073;CRTC2;GENE;
PA33744;PRKAA1;GENE;PA189;HMGCR;GENE;
PA33744;PRKAA1;GENE;PA24421;ACACA;GENE;
PA33744;PRKAA1;GENE;PA24422;ACACB;GENE;
PA33744;PRKAA1;GENE;PA30861;MLYCD;GENE;
PA33744;PRKAA1;GENE;PA335;SREBF1;GENE;
PA33744;PRKAA1;GENE;PA35879;SLC2A4;GENE;
PA33744;PRKAA1;GENE;PA36198;STK11;GENE;
PA33744;PRKAA1;GENE;PA37353;MLXIPL;GENE;
PA33744;PRKAA1;GENE;PA37935;SIRT1;GENE;
PA33744;PRKAA1;GENE;PA61;ATM;GENE;
PA28785;GNG3;GENE;PA33384;PLCB1;GENE;
PA28785;GNG3;GENE;PA33385;PLCB2;GENE;
PA28785;GNG3;GENE;PA33386;PLCB3;GENE;
PA28785;GNG3;GENE;PA33387;PLCB4;GENE;
PA134994272;DDX58;GENE;PA164722208;MAVS;GENE;
PA26716;COL3A1;GENE;PA179;GP1BB;GENE;
PA26716;COL3A1;GENE;PA204;ITGA2;GENE;
PA26716;COL3A1;GENE;PA26212;CD36;GENE;
PA26716;COL3A1;GENE;PA28823;GP5;GENE;
PA26716;COL3A1;GENE;PA28824;GP6;GENE;
PA26716;COL3A1;GENE;PA28825;GP9;GENE;
PA33749;PRKACB;GENE;PA26008;CACNA1B;GENE;
PA33749;PRKACB;GENE;PA30616;MAPK1;GENE;
PA33749;PRKACB;GENE;PA59;ARRB1;GENE;
PA33749;PRKACB;GENE;PA60;ARRB2;GENE;
PA33749;PRKACB;GENE;PA83;CACNA1C;GENE;
PA33749;PRKACB;GENE;PA84;CACNA1D;GENE;
PA33749;PRKACB;GENE;PA85;CACNA1S;GENE;
PA30006;JUN;GENE;PA134992438;CAMK1D;GENE;
PA30006;JUN;GENE;PA24684;AKT1;GENE;
PA30006;JUN;GENE;PA24685;AKT2;GENE;
PA30006;JUN;GENE;PA24686;AKT3;GENE;
PA30006;JUN;GENE;PA26048;CAMK1;GENE;
PA30006;JUN;GENE;PA26049;CAMK1G;GENE;
PA30006;JUN;GENE;PA283;MAPK8;GENE;
PA30006;JUN;GENE;PA30616;MAPK1;GENE;
PA30006;JUN;GENE;PA30621;MAPK14;GENE;
PA30006;JUN;GENE;PA30622;MAPK3;GENE;
PA30006;JUN;GENE;PA337;STAT3;GENE;
PA30006;JUN;GENE;PA33759;PRKCA;GENE;
PA30006;JUN;GENE;PA33761;PRKCB;GENE;
PA30006;JUN;GENE;PA33766;PRKCG;GENE;
PA30006;JUN;GENE;PA338;STAT5A;GENE;
PA30006;JUN;GENE;PA36183;STAT1;GENE;
PA30006;JUN;GENE;PA36184;STAT2;GENE;
PA30006;JUN;GENE;PA36185;STAT4;GENE;
PA30006;JUN;GENE;PA36186;STAT5B;GENE;
PA30006;JUN;GENE;PA90;CAMK2A;GENE;
PA30006;JUN;GENE;PA91;CAMK2B;GENE;
PA30006;JUN;GENE;PA92;CAMK2D;GENE;
PA30006;JUN;GENE;PA93;CAMK2G;GENE;
PA164722208;MAVS;GENE;PA134994272;DDX58;GENE;
PA164722208;MAVS;GENE;PA29917;IRF3;GENE;
PA164722208;MAVS;GENE;PA29921;IRF7;GENE;
PA156;ESR1;GENE;PA361;UGT2B7;GENE;
PA156;ESR1;GENE;PA37186;UGT2B10;GENE;
PA156;ESR1;GENE;PA37188;UGT2B15;GENE;
PA37353;MLXIPL;GENE;PA33744;PRKAA1;GENE;
PA37353;MLXIPL;GENE;PA33745;PRKAA2;GENE;
PA37353;MLXIPL;GENE;PA33746;PRKAB1;GENE;
PA37353;MLXIPL;GENE;PA33747;PRKAB2;GENE;
PA37353;MLXIPL;GENE;PA33751;PRKAG1;GENE;
PA37353;MLXIPL;GENE;PA33752;PRKAG2;GENE;
PA37353;MLXIPL;GENE;PA33753;PRKAG3;GENE;
PA338;STAT5A;GENE;PA134992438;CAMK1D;GENE;
PA338;STAT5A;GENE;PA24684;AKT1;GENE;
PA338;STAT5A;GENE;PA24685;AKT2;GENE;
PA338;STAT5A;GENE;PA24686;AKT3;GENE;
PA338;STAT5A;GENE;PA248;NFKB1;GENE;
PA338;STAT5A;GENE;PA26048;CAMK1;GENE;
PA338;STAT5A;GENE;PA26049;CAMK1G;GENE;
PA338;STAT5A;GENE;PA27749;ELK1;GENE;
PA338;STAT5A;GENE;PA28212;FOS;GENE;
PA338;STAT5A;GENE;PA283;MAPK8;GENE;
PA338;STAT5A;GENE;PA296;RELA;GENE;
PA338;STAT5A;GENE;PA29988;JAK1;GENE;
PA338;STAT5A;GENE;PA30006;JUN;GENE;
PA338;STAT5A;GENE;PA30616;MAPK1;GENE;
PA338;STAT5A;GENE;PA30622;MAPK3;GENE;
PA338;STAT5A;GENE;PA31353;MYC;GENE;
PA338;STAT5A;GENE;PA31600;NFKB2;GENE;
PA338;STAT5A;GENE;PA337;STAT3;GENE;
PA338;STAT5A;GENE;PA33759;PRKCA;GENE;
PA338;STAT5A;GENE;PA33761;PRKCB;GENE;
PA338;STAT5A;GENE;PA33766;PRKCG;GENE;
PA338;STAT5A;GENE;PA36042;SP1;GENE;
PA338;STAT5A;GENE;PA36183;STAT1;GENE;
PA338;STAT5A;GENE;PA36184;STAT2;GENE;
PA338;STAT5A;GENE;PA36185;STAT4;GENE;
PA338;STAT5A;GENE;PA36186;STAT5B;GENE;
PA338;STAT5A;GENE;PA90;CAMK2A;GENE;
PA338;STAT5A;GENE;PA91;CAMK2B;GENE;
PA338;STAT5A;GENE;PA92;CAMK2D;GENE;
PA338;STAT5A;GENE;PA93;CAMK2G;GENE;
PA34183;RAF1;GENE;PA134913435;SHC3;GENE;
PA34183;RAF1;GENE;PA134971076;SHC2;GENE;
PA34183;RAF1;GENE;PA26946;CSK;GENE;
PA34183;RAF1;GENE;PA284;MAP2K7;GENE;
PA34183;RAF1;GENE;PA28962;GRB2;GENE;
PA34183;RAF1;GENE;PA29444;HRAS;GENE;
PA34183;RAF1;GENE;PA30196;KRAS;GENE;
PA34183;RAF1;GENE;PA30584;MAP2K1;GENE;
PA34183;RAF1;GENE;PA30587;MAP2K2;GENE;
PA34183;RAF1;GENE;PA30588;MAP2K3;GENE;
PA34183;RAF1;GENE;PA30589;MAP2K4;GENE;
PA34183;RAF1;GENE;PA30590;MAP2K5;GENE;
PA34183;RAF1;GENE;PA30591;MAP2K6;GENE;
PA34183;RAF1;GENE;PA30932;MRAS;GENE;
PA34183;RAF1;GENE;PA31768;NRAS;GENE;
PA34183;RAF1;GENE;PA33759;PRKCA;GENE;
PA34183;RAF1;GENE;PA33761;PRKCB;GENE;
PA34183;RAF1;GENE;PA33763;PRKCD;GENE;
PA34183;RAF1;GENE;PA33765;PRKCE;GENE;
PA34183;RAF1;GENE;PA33766;PRKCG;GENE;
PA34183;RAF1;GENE;PA33767;PRKCH;GENE;
PA34183;RAF1;GENE;PA33768;PRKCI;GENE;
PA34183;RAF1;GENE;PA33773;PRKCQ;GENE;
PA34183;RAF1;GENE;PA33775;PRKCZ;GENE;
PA34183;RAF1;GENE;PA34861;RRAS;GENE;
PA34183;RAF1;GENE;PA35746;SHC1;GENE;
PA34183;RAF1;GENE;PA36024;SOS1;GENE;
PA35930;SLC9A3P1;GENE;PA27745;ELF2;GENE;
PA26553;CLCNKA;GENE;PA134911659;BSND;GENE;
