Haplotype_ID;Haplotype;Entity1_type;Gene_ID;Gene;Entity2_type;LADME
PA165819268;TPMT*1;HAPLOTYPE;PA356;TPMT;GENE;
PA165819277;TPMT*7;HAPLOTYPE;PA356;TPMT;GENE;
PA165819276;TPMT*6;HAPLOTYPE;PA356;TPMT;GENE;
PA165819229;CYP3A4*11;HAPLOTYPE;PA130;CYP3A4;GENE;
PA165818808;CYP2B6*18;HAPLOTYPE;PA123;CYP2B6;GENE;
PA165819275;TPMT*5;HAPLOTYPE;PA356;TPMT;GENE;
PA166128219;CYP3A5*3;HAPLOTYPE;PA124;CYP2C19;GENE;
PA166128219;CYP3A5*3;HAPLOTYPE;PA130;CYP3A4;GENE;
PA166128219;CYP3A5*3;HAPLOTYPE;PA131;CYP3A5;GENE;
PA165819271;TPMT*3B;HAPLOTYPE;PA134963132;NUDT15;GENE;
PA165819271;TPMT*3B;HAPLOTYPE;PA356;TPMT;GENE;
PA165954787;HLA-B*15:11;HAPLOTYPE;PA35056;HLA-B;GENE;
PA165819285;TPMT*15;HAPLOTYPE;PA356;TPMT;GENE;
PA166128234;CYP3A5*7;HAPLOTYPE;PA124;CYP2C19;GENE;
PA165819269;TPMT*2;HAPLOTYPE;PA134963132;NUDT15;GENE;
PA165819269;TPMT*2;HAPLOTYPE;PA356;TPMT;GENE;
PA165819280;TPMT*10;HAPLOTYPE;PA356;TPMT;GENE;
PA165819287;TPMT*17;HAPLOTYPE;PA356;TPMT;GENE;
PA165980634;CYP2C19*1;HAPLOTYPE;PA124;CYP2C19;GENE;
PA166171120;DPYD C.1129-5923C>G, C.1236G>A (HAPB3);HAPLOTYPE;PA145;DPYD;GENE;
PA165980635;CYP2C19*2;HAPLOTYPE;PA124;CYP2C19;GENE;
PA165980635;CYP2C19*2;HAPLOTYPE;PA37189;UGT2B17;GENE;
PA165816524;CYP2C19*8;HAPLOTYPE;PA124;CYP2C19;GENE;
PA166171119;DPYD C.2846A>T;HAPLOTYPE;PA145;DPYD;GENE;
PA165816533;CYP2C19*17;HAPLOTYPE;PA124;CYP2C19;GENE;
PA165954769;HLA-B*15:02;HAPLOTYPE;PA126;CYP2C9;GENE;
PA165954769;HLA-B*15:02;HAPLOTYPE;PA35055;HLA-A;GENE;
PA165954769;HLA-B*15:02;HAPLOTYPE;PA35056;HLA-B;GENE;
PA166115858;UGT1A1*6;HAPLOTYPE;PA420;UGT1A1;GENE;
PA166048680;CYP3A4*22;HAPLOTYPE;PA124;CYP2C19;GENE;
PA166048680;CYP3A4*22;HAPLOTYPE;PA130;CYP3A4;GENE;
PA166048680;CYP3A4*22;HAPLOTYPE;PA131;CYP3A5;GENE;
PA165951292;HLA-DQA1*02:01;HAPLOTYPE;PA35066;HLA-DQA1;GENE;
PA165951292;HLA-DQA1*02:01;HAPLOTYPE;PA35072;HLA-DRB1;GENE;
PA165819239;CYP3A4*17;HAPLOTYPE;PA130;CYP3A4;GENE;
PA165819281;TPMT*11;HAPLOTYPE;PA356;TPMT;GENE;
PA165819272;TPMT*3C;HAPLOTYPE;PA134963132;NUDT15;GENE;
PA165819272;TPMT*3C;HAPLOTYPE;PA356;TPMT;GENE;
PA165816542;CYP2C9*1;HAPLOTYPE;PA126;CYP2C9;GENE;
PA165816542;CYP2C9*1;HAPLOTYPE;PA133787052;VKORC1;GENE;
PA165816549;CYP2C9*8;HAPLOTYPE;PA126;CYP2C9;GENE;
PA165816549;CYP2C9*8;HAPLOTYPE;PA133787052;VKORC1;GENE;
PA165816549;CYP2C9*8;HAPLOTYPE;PA27121;CYP4F2;GENE;
PA166123427;HLA-A*02:01;HAPLOTYPE;PA35055;HLA-A;GENE;
PA166128213;CYP3A5*1;HAPLOTYPE;PA131;CYP3A5;GENE;
PA165819224;CYP3A4*6;HAPLOTYPE;PA130;CYP3A4;GENE;
PA165819236;CYP3A4*16;HAPLOTYPE;PA130;CYP3A4;GENE;
PA166115843;UGT1A1*36;HAPLOTYPE;PA420;UGT1A1;GENE;
PA165819270;TPMT*3A;HAPLOTYPE;PA134963132;NUDT15;GENE;
PA165819270;TPMT*3A;HAPLOTYPE;PA356;TPMT;GENE;
PA165987830;HLA-B*57:01;HAPLOTYPE;PA35056;HLA-B;GENE;
PA165987830;HLA-B*57:01;HAPLOTYPE;PA420;UGT1A1;GENE;
PA165956201;HLA-B*51:01;HAPLOTYPE;PA35056;HLA-B;GENE;
PA165958686;CYP2C8*4;HAPLOTYPE;PA125;CYP2C8;GENE;
PA165980636;CYP2C19*3;HAPLOTYPE;PA124;CYP2C19;GENE;
PA165980636;CYP2C19*3;HAPLOTYPE;PA37189;UGT2B17;GENE;
PA165816547;CYP2C9*6;HAPLOTYPE;PA126;CYP2C9;GENE;
PA165816547;CYP2C9*6;HAPLOTYPE;PA133787052;VKORC1;GENE;
PA165816547;CYP2C9*6;HAPLOTYPE;PA27121;CYP4F2;GENE;
PA165819181;CYP1A2*3;HAPLOTYPE;PA27093;CYP1A2;GENE;
PA165819283;TPMT*13;HAPLOTYPE;PA356;TPMT;GENE;
PA165954030;HLA-A*31:01;HAPLOTYPE;PA35055;HLA-A;GENE;
PA165954030;HLA-A*31:01;HAPLOTYPE;PA35056;HLA-B;GENE;
PA165819201;CYP3A4*1;HAPLOTYPE;PA130;CYP3A4;GENE;
PA166128233;CYP3A5*6;HAPLOTYPE;PA124;CYP2C19;GENE;
PA165988480;CYP2D6*2XN;HAPLOTYPE;PA128;CYP2D6;GENE;
PA165819282;TPMT*12;HAPLOTYPE;PA356;TPMT;GENE;
PA166115841;UGT1A1*1;HAPLOTYPE;PA420;UGT1A1;GENE;
PA165987831;HLA-B*58:01;HAPLOTYPE;PA35056;HLA-B;GENE;
PA166220483;UGT1A1*80+*28;HAPLOTYPE;PA420;UGT1A1;GENE;
PA166194413;DPYD C.2194G>A (*6);HAPLOTYPE;PA145;DPYD;GENE;
PA165818760;CYP2B6*5;HAPLOTYPE;PA123;CYP2B6;GENE;
PA165819274;TPMT*4;HAPLOTYPE;PA134963132;NUDT15;GENE;
PA165819274;TPMT*4;HAPLOTYPE;PA356;TPMT;GENE;
PA165818762;CYP2B6*6;HAPLOTYPE;PA123;CYP2B6;GENE;
PA165819255;SLCO1B1*5;HAPLOTYPE;PA126;CYP2C9;GENE;
PA165819255;SLCO1B1*5;HAPLOTYPE;PA134865839;SLCO1B1;GENE;
PA165819255;SLCO1B1*5;HAPLOTYPE;PA390;ABCG2;GENE;
PA165816543;CYP2C9*2;HAPLOTYPE;PA126;CYP2C9;GENE;
PA165816543;CYP2C9*2;HAPLOTYPE;PA133787052;VKORC1;GENE;
PA165816543;CYP2C9*2;HAPLOTYPE;PA134865839;SLCO1B1;GENE;
PA165816543;CYP2C9*2;HAPLOTYPE;PA157;F2;GENE;
PA165816543;CYP2C9*2;HAPLOTYPE;PA159;F5;GENE;
PA165816543;CYP2C9*2;HAPLOTYPE;PA27121;CYP4F2;GENE;
PA165816543;CYP2C9*2;HAPLOTYPE;PA33799;PROC;GENE;
PA165816543;CYP2C9*2;HAPLOTYPE;PA33809;PROS1;GENE;
PA165816543;CYP2C9*2;HAPLOTYPE;PA35026;SERPINC1;GENE;
PA165816543;CYP2C9*2;HAPLOTYPE;PA35056;HLA-B;GENE;
PA165818750;CYP2B6*1;HAPLOTYPE;PA123;CYP2B6;GENE;
PA165819278;TPMT*8;HAPLOTYPE;PA356;TPMT;GENE;
PA165819286;TPMT*16;HAPLOTYPE;PA356;TPMT;GENE;
PA166131620;NUDT15*2;HAPLOTYPE;PA134963132;NUDT15;GENE;
PA166131620;NUDT15*2;HAPLOTYPE;PA356;TPMT;GENE;
PA165951644;HLA-DRB1*07:01;HAPLOTYPE;PA35066;HLA-DQA1;GENE;
PA165951644;HLA-DRB1*07:01;HAPLOTYPE;PA35072;HLA-DRB1;GENE;
PA165819184;CYP1A2*7;HAPLOTYPE;PA27093;CYP1A2;GENE;
PA165816544;CYP2C9*3;HAPLOTYPE;PA124;CYP2C19;GENE;
PA165816544;CYP2C9*3;HAPLOTYPE;PA126;CYP2C9;GENE;
PA165816544;CYP2C9*3;HAPLOTYPE;PA133787052;VKORC1;GENE;
PA165816544;CYP2C9*3;HAPLOTYPE;PA134865839;SLCO1B1;GENE;
PA165816544;CYP2C9*3;HAPLOTYPE;PA157;F2;GENE;
PA165816544;CYP2C9*3;HAPLOTYPE;PA159;F5;GENE;
PA165816544;CYP2C9*3;HAPLOTYPE;PA27121;CYP4F2;GENE;
PA165816544;CYP2C9*3;HAPLOTYPE;PA33799;PROC;GENE;
PA165816544;CYP2C9*3;HAPLOTYPE;PA33809;PROS1;GENE;
PA165816544;CYP2C9*3;HAPLOTYPE;PA35026;SERPINC1;GENE;
PA165816544;CYP2C9*3;HAPLOTYPE;PA35056;HLA-B;GENE;
PA166115844;UGT1A1*37;HAPLOTYPE;PA420;UGT1A1;GENE;
PA166245583;CYP3A4*26;HAPLOTYPE;PA130;CYP3A4;GENE;
PA165819231;CYP3A4*13;HAPLOTYPE;PA130;CYP3A4;GENE;
PA165819183;CYP1A2*6;HAPLOTYPE;PA27093;CYP1A2;GENE;
PA165819244;CYP3A4*20;HAPLOTYPE;PA124;CYP2C19;GENE;
PA165819244;CYP3A4*20;HAPLOTYPE;PA130;CYP3A4;GENE;
PA166115842;UGT1A1*28;HAPLOTYPE;PA134865839;SLCO1B1;GENE;
PA166115842;UGT1A1*28;HAPLOTYPE;PA35056;HLA-B;GENE;
PA166115842;UGT1A1*28;HAPLOTYPE;PA420;UGT1A1;GENE;
PA165819265;SLCO1B1*15;HAPLOTYPE;PA126;CYP2C9;GENE;
PA165819265;SLCO1B1*15;HAPLOTYPE;PA134865839;SLCO1B1;GENE;
PA165819265;SLCO1B1*15;HAPLOTYPE;PA390;ABCG2;GENE;
PA166115850;UGT1A1*80;HAPLOTYPE;PA420;UGT1A1;GENE;
PA165816523;CYP2C19*7;HAPLOTYPE;PA124;CYP2C19;GENE;
PA166171118;DPYD C.1679T>G (*13);HAPLOTYPE;PA145;DPYD;GENE;
PA165819284;TPMT*14;HAPLOTYPE;PA356;TPMT;GENE;
PA165816552;CYP2C9*11;HAPLOTYPE;PA126;CYP2C9;GENE;
PA165816552;CYP2C9*11;HAPLOTYPE;PA133787052;VKORC1;GENE;
PA165816552;CYP2C9*11;HAPLOTYPE;PA27121;CYP4F2;GENE;
PA166131621;NUDT15*3;HAPLOTYPE;PA134963132;NUDT15;GENE;
PA166131621;NUDT15*3;HAPLOTYPE;PA356;TPMT;GENE;
PA165819240;CYP3A4*18;HAPLOTYPE;PA130;CYP3A4;GENE;
PA165816546;CYP2C9*5;HAPLOTYPE;PA126;CYP2C9;GENE;
PA165816546;CYP2C9*5;HAPLOTYPE;PA133787052;VKORC1;GENE;
PA165816546;CYP2C9*5;HAPLOTYPE;PA27121;CYP4F2;GENE;
PA165988479;CYP2D6*1XN;HAPLOTYPE;PA128;CYP2D6;GENE;
PA165819288;TPMT*18;HAPLOTYPE;PA356;TPMT;GENE;
PA165819226;CYP3A4*8;HAPLOTYPE;PA130;CYP3A4;GENE;
PA165980637;CYP2C19*4;HAPLOTYPE;PA124;CYP2C19;GENE;
PA165819230;CYP3A4*12;HAPLOTYPE;PA130;CYP3A4;GENE;
PA165980638;CYP2C19*5;HAPLOTYPE;PA124;CYP2C19;GENE;
PA166363474;CYP1A2*30;HAPLOTYPE;PA27093;CYP1A2;GENE;
PA166171117;DPYD C.1905+1G>A (*2A);HAPLOTYPE;PA145;DPYD;GENE;
PA165816522;CYP2C19*6;HAPLOTYPE;PA124;CYP2C19;GENE;
PA165819279;TPMT*9;HAPLOTYPE;PA356;TPMT;GENE;
PA165819182;CYP1A2*4;HAPLOTYPE;PA27093;CYP1A2;GENE;
PA165958685;CYP2C8*3;HAPLOTYPE;PA125;CYP2C8;GENE;
PA166228161;CYP2D6*2X2;HAPLOTYPE;PA128;CYP2D6;GENE;
